idUsuario,idRestaurante,puntuacion,fecha,comentario
475,194,4,2023-10-02,Beautiful perform surface.
358,11,2,2023-08-04,Name environment their report become.
235,138,1,2023-08-25,Your off fast court turn but.
324,106,1,2025-10-16,Environment leader cultural pull defense class.
137,111,1,2026-04-29,Them seat anyone near write if husband.
183,165,2,2023-07-18,Set discover teacher reason.
433,23,3,2026-05-23,Try cause eat most would.
161,175,3,2025-01-08,Environment remember lead space.
86,129,1,2024-12-07,Public both enough upon be southern do.
75,141,1,2024-12-01,Keep article system me.
30,188,2,2026-05-26,Expect everybody east table system down with individual.
259,178,3,2024-03-04,Ten relate system.
345,156,4,2026-04-15,Others thought despite listen decision single girl day.
408,82,3,2026-05-24,Practice energy foot movie sort interesting worker.
1,121,5,2025-02-07,Somebody me structure friend play trip whether.
444,93,1,2024-11-05,Stage say guy education can away more.
446,127,2,2026-04-02,Specific close but seem.
27,117,2,2024-05-02,Such for back break law into.
414,146,1,2026-06-16,Land candidate heavy animal.
466,68,4,2024-07-08,Much article style card difference direction question.
448,173,2,2026-01-01,Ready young couple.
19,77,2,2025-05-08,Career machine population skill thank.
224,145,3,2026-02-06,Employee off gun technology check tax act.
283,196,3,2024-07-13,Describe threat establish left matter yet role from.
81,14,5,2025-04-01,Care develop source suggest.
88,40,3,2023-12-27,Least leg foreign hundred what paper address.
230,93,5,2024-08-08,Particularly professor of pass possible suffer.
469,134,2,2025-04-05,Item boy mouth into whole.
188,179,4,2025-02-23,Run fight happen development until course.
96,86,1,2026-04-08,Whole recognize chance actually day bed Democrat.
129,57,1,2024-01-25,American purpose style toward imagine many hour measure.
321,154,5,2024-08-12,Option sure draw within.
27,179,5,2025-01-01,Report tend check commercial.
209,116,4,2025-06-09,Building purpose also debate rule.
450,91,4,2025-07-17,President series pressure space new.
377,114,2,2025-06-19,Speech other mother still explain.
37,2,3,2025-01-12,History people film impact.
288,152,5,2024-06-20,Me say make area allow.
446,164,4,2024-01-16,Never pay yeah social.
398,99,5,2024-09-29,Against dog myself reveal order scientist management see.
254,46,5,2025-08-28,Article tonight born music which ability.
449,130,5,2024-04-28,Left also language already.
419,174,1,2025-07-20,With charge order he.
118,50,1,2025-11-07,Senior vote camera staff.
363,17,3,2025-04-30,Member nice sometimes meeting while young.
71,184,2,2025-06-08,Claim add visit provide thank.
336,161,2,2025-11-13,Song mention only month shoulder.
168,5,1,2025-12-09,Hit half type.
441,13,2,2024-02-13,As fund news some country election.
199,136,2,2024-11-19,Reason himself beyond factor fly.
263,71,4,2025-01-05,Try avoid style material side.
151,100,2,2024-03-16,Idea usually receive key list party.
5,121,2,2023-12-13,Office manage east writer.
53,95,2,2024-06-02,Something Democrat speech season phone trade.
184,137,1,2023-07-31,Record summer however from heart.
331,148,2,2023-10-15,Production name if father.
316,152,1,2025-05-03,Evidence there sister.
166,184,1,2023-07-30,Walk summer whom citizen.
112,51,5,2026-05-09,Prove discuss modern discussion.
65,117,3,2024-04-19,These race be through call seven memory.
295,33,2,2026-03-27,Team short kid start.
480,30,2,2025-12-23,Again drug off reduce former.
298,98,4,2026-05-18,There mention identify financial wonder inside early.
61,53,5,2026-05-17,Degree writer fall large whatever.
21,63,3,2025-07-26,Always action front still thousand.
423,174,3,2024-05-03,Appear lose particularly seat very nice.
283,66,5,2024-08-29,Move month look cost.
444,197,5,2024-05-03,Mention old in decide.
287,113,3,2024-08-28,Bank leave beautiful decide sure cup both campaign.
348,193,5,2026-06-16,Candidate especially road protect black sure mother.
221,123,4,2025-06-02,Program cut unit reflect.
7,188,5,2024-03-08,Put national measure read purpose body move.
339,9,4,2024-01-08,Until treat drive.
45,6,4,2024-05-06,Common enter manager political.
53,156,4,2025-09-13,Society husband interview control herself interview.
238,142,1,2025-02-10,Beyond key daughter something many.
386,194,5,2024-01-11,Draw behind point.
252,169,4,2024-06-07,Community citizen bed first.
105,193,1,2023-10-15,Home six certainly defense north family.
469,60,2,2024-07-18,Protect fight shoulder fish.
484,28,3,2024-07-30,Responsibility turn civil her position.
126,4,3,2025-02-20,Toward speech rich consider industry finish.
145,160,3,2023-08-25,Involve along development social small.
456,120,5,2024-12-22,Marriage special of action.
27,80,1,2025-12-19,Positive national wrong itself economic general whatever.
65,196,4,2023-12-26,Wish win whatever like their politics.
250,77,5,2024-05-15,Key mother attack ability stop action song street.
424,136,5,2024-08-27,Two tend fight read peace peace heart.
275,61,5,2025-09-19,Head of policy side.
16,142,4,2024-07-30,Medical too me cause.
491,40,1,2024-02-13,Culture next very find.
443,160,5,2024-04-11,Anyone wear country sister church those easy religious.
272,6,4,2023-07-23,Politics he garden someone.
419,131,3,2024-01-26,Woman turn vote west probably although down even.
95,77,1,2024-03-16,Ok source career make really right.
25,64,3,2023-12-22,Add reason mention feeling.
153,57,3,2026-05-04,American start member next account.
82,2,3,2024-12-15,Employee attorney religious issue accept.
40,54,4,2024-06-07,Data recently still rather toward decade save.
467,19,1,2026-03-14,Wall property total life party might current.
427,14,3,2025-07-28,Tree former identify all support.
373,99,2,2025-08-05,Candidate imagine we reason six entire movie.
311,172,5,2025-01-10,Least result green agent open action.
288,11,2,2023-09-29,Teach large mean impact suggest.
311,94,5,2025-11-27,Move evidence state pressure.
395,192,1,2025-04-26,Operation task population policy tonight.
299,27,2,2024-08-07,Quickly speech exactly provide forward participant good.
387,146,4,2024-06-19,Industry always itself head PM these.
444,54,3,2026-05-10,Computer rise painting long kid call investment.
389,119,3,2025-12-11,Store while international stage institution without.
153,64,3,2024-10-23,Pass full write may ready I protect.
479,139,5,2026-06-21,Realize southern parent.
287,114,5,2024-01-20,Gas begin community about.
176,21,2,2023-08-09,Week upon real term meet.
309,130,1,2025-04-17,Audience pull while.
312,145,5,2024-04-30,Cell someone both phone.
318,110,2,2024-01-22,Family safe case.
65,77,2,2025-07-09,Ready same live law support group.
361,7,1,2026-01-16,Get happy machine piece open miss ground.
16,107,1,2025-08-01,Out along range nothing.
257,64,4,2024-02-27,International business who road stand region reveal.
313,46,1,2023-10-02,Democratic range response recently call foot.
445,78,4,2024-09-21,Professor should process child what herself.
121,163,1,2024-12-02,Defense real government improve leader service bed.
404,79,3,2026-04-26,Other without consider sure trade across.
44,164,2,2025-07-21,Tend pressure already wrong rather dinner.
411,188,4,2025-08-15,Administration few chair Republican stay state evening once.
191,161,1,2024-11-01,Before approach feel clearly.
412,86,5,2025-01-30,North sell southern fish feel hospital enter small.
5,36,3,2025-12-01,Good pressure style body.
182,21,4,2026-01-10,Use national onto police able commercial especially up.
342,150,5,2025-08-31,People you risk those choice though.
327,43,5,2025-10-21,Choose position live west.
52,11,4,2023-11-11,Wrong defense knowledge.
383,155,4,2025-08-16,Smile trade manager value between Republican we specific.
209,111,3,2024-07-18,Game beautiful wonder keep born example.
137,81,4,2023-12-19,Condition walk defense teacher ask.
332,172,5,2025-01-02,Can election include scientist.
342,45,4,2026-05-09,Relate no we pretty bring difficult seem thus.
443,186,5,2025-07-20,Realize country ball treat.
319,180,3,2025-11-28,Reveal research thousand series area cause.
80,89,3,2024-06-20,Nation back every sometimes fish.
26,17,2,2026-05-12,And allow special gas PM run such.
303,180,4,2023-08-29,Exist each wait surface television lose image.
473,131,1,2026-01-16,Food little travel him degree.
458,63,5,2023-10-13,Clear address dinner use.
231,152,5,2025-02-07,Financial far party rock forward.
210,27,2,2025-08-17,Coach notice fire pay hear dream.
77,51,2,2025-05-17,Total remember difference rise tonight player.
37,160,5,2025-08-01,Population cost yet reveal start government include.
326,81,2,2023-12-05,Condition start same decision.
419,15,2,2025-05-19,May start leader.
491,155,3,2024-08-25,Party sport high discover account.
418,181,1,2024-05-16,Alone themselves along region suddenly partner forget.
261,54,3,2024-10-16,Walk investment return message table.
320,177,1,2024-09-30,Growth agreement cultural.
71,79,5,2025-06-10,Break certainly soon when.
76,78,3,2026-06-28,Federal production few throughout middle head nice company.
3,187,3,2024-10-27,Result security then pressure truth hotel behind thousand.
156,51,3,2023-10-08,International south professional debate.
120,200,4,2026-03-03,Wonder pull heavy hand.
157,177,5,2026-04-01,Discover action happy remain.
217,113,4,2024-08-25,Art late girl several several government training.
462,32,5,2026-05-19,Manage respond leader certainly lead test.
98,125,5,2025-07-27,Pay TV everything any investment defense.
448,140,2,2024-12-19,Shoulder national either from sign able memory.
254,183,4,2025-04-20,Issue establish quality with according.
117,107,4,2023-06-28,Character a seek themselves address.
196,69,1,2025-03-12,For true call unit identify avoid either.
253,32,1,2026-06-08,During bag everybody compare.
78,163,1,2026-04-17,Ten up much develop.
211,148,4,2024-05-22,Simply part if like.
152,127,3,2024-05-27,Who do employee vote boy prepare owner.
115,95,5,2024-05-03,Feel act peace into dinner job.
78,194,5,2024-08-15,Mission impact care arm.
444,197,5,2025-11-06,Bring push other still few answer.
77,99,2,2024-06-20,Possible free market instead say student.
410,127,2,2025-01-12,Board public light kitchen campaign.
455,30,5,2025-06-24,Support hand market.
199,22,5,2024-03-12,Always fish rather important.
391,21,2,2023-07-29,Record store rather green one stop.
90,129,2,2024-10-30,Name common left apply.
127,44,3,2025-12-09,Him interesting score particular among decision common.
393,177,1,2025-04-14,Attorney factor television short.
336,45,4,2024-04-20,Spend want order return stuff day notice.
302,9,1,2025-04-03,Attorney serve she manage final level skin.
24,122,2,2024-03-24,Material degree paper science however usually worker.
56,70,2,2025-06-02,International program sister soldier manage.
413,40,4,2025-09-13,Close type speech international none opportunity.
293,75,5,2025-10-02,Coach feeling enter rock read.
51,121,1,2025-09-18,Either read realize run along low.
45,53,4,2024-01-27,Recent camera conference hard final.
389,63,5,2024-06-26,Spring body feel small baby heavy.
290,121,2,2023-09-10,Believe among coach name attention test beyond skin.
257,146,5,2025-08-25,Take near then.
257,79,1,2026-05-31,Letter speech walk movement our fire.
168,11,3,2026-04-05,Of cell interest way country section.
87,66,4,2026-04-30,Around woman east he.
418,84,5,2026-03-19,Wrong stock do price fear develop fact.
21,145,4,2024-04-22,Price positive ever course phone rather recent.
58,148,5,2023-08-28,Subject long figure.
53,160,5,2024-09-10,Watch maybe especially yet common.
37,172,1,2024-08-18,Artist establish view.
77,159,3,2024-04-17,Prevent law fire order data career per.
282,121,2,2023-12-27,Worry later price.
21,151,1,2025-09-27,Mission thought service nearly condition nice suffer.
441,27,3,2026-06-27,Cultural property mouth.
53,156,5,2025-07-29,Trial together pay.
313,188,4,2025-08-26,Stop environment garden produce.
236,154,1,2024-07-20,Rock once probably real win.
36,16,1,2024-02-05,Sell turn never build concern image them.
8,11,4,2026-01-13,Camera sense space future relationship.
325,164,4,2026-07-11,Even within lawyer position pressure still fly their.
103,77,5,2024-09-25,Able one each certainly wear cover mission successful.
346,106,4,2026-06-26,Remember know Republican.
113,193,1,2025-01-18,Meet father maintain across.
74,153,1,2025-12-19,This energy economy small law.
251,185,1,2024-03-22,Second record be send.
380,112,2,2024-10-06,Have by believe both skin.
58,48,4,2026-03-22,Program between learn enough night gas.
120,148,4,2023-11-29,Heart possible before table fast.
296,113,4,2026-03-27,View whatever throughout.
163,163,5,2024-10-15,Break ever science star drop process ready some.
103,192,3,2026-06-28,Social recognize population example decade technology.
491,45,1,2025-07-10,Heavy or week investment nation answer.
62,111,5,2024-04-08,Kind pull tonight consumer.
128,179,4,2025-10-04,Ago again market hand.
451,94,1,2025-02-22,Deal church community end true arrive.
218,75,3,2026-03-03,Property discussion history detail prove.
31,57,3,2025-02-27,Finish deep follow us development always vote.
73,39,1,2023-11-16,Later ok data voice actually door rule under.
275,11,2,2024-02-10,Keep turn follow know.
91,169,4,2025-11-14,Here you scientist until represent.
472,187,3,2024-11-22,Career help billion.
71,13,4,2025-07-13,Least continue pretty while high everyone movie.
492,77,1,2024-04-21,Consumer get fire imagine really TV dream.
311,160,1,2025-08-26,Reach senior arrive.
483,182,3,2025-02-27,World suffer small like order out trip.
164,148,4,2025-03-21,Issue save feeling actually guy.
446,28,1,2024-09-27,Eight head will remain nothing.
202,169,2,2024-05-28,Stay loss former relationship owner such film.
461,7,1,2026-05-16,Wear source voice.
463,49,1,2023-09-17,Image staff discussion can these student.
95,177,3,2023-12-09,Mr suffer scene meeting chance part.
335,167,2,2024-11-28,Number interview wall crime maintain eye.
246,180,4,2025-04-30,Ability candidate as.
294,40,2,2024-11-02,Whatever every agent floor road.
203,80,2,2026-03-29,Deep market police carry fire focus social probably.
109,177,4,2023-07-18,Check line argue it Republican.
244,45,5,2025-03-03,Republican arm or direction issue available.
174,160,5,2026-06-07,Sport believe really yeah.
144,79,5,2025-10-10,Society particularly look resource.
241,72,3,2026-03-04,Record through world professor behind.
59,157,1,2023-09-22,Including value guy last.
488,99,1,2025-12-25,End current husband parent able someone success.
167,50,2,2024-04-27,Statement meeting paper enough.
56,78,5,2025-07-12,Throughout beat report top.
214,78,2,2024-11-14,Development improve example window and.
54,200,4,2024-11-15,Time organization order.
382,97,4,2023-07-27,Big already candidate short decade argue break.
164,148,1,2026-04-26,Energy song break during reveal necessary fear.
250,1,1,2023-09-11,East blood least camera yet upon.
371,93,2,2025-07-14,Lose trade strong figure discussion become state.
134,34,3,2024-06-17,Himself everything toward media total relate expect.
146,194,4,2024-10-29,Four full race agent himself picture.
357,39,1,2023-11-04,Perhaps paper teach cup.
468,28,2,2024-05-07,Impact important admit able they.
153,151,3,2025-01-12,In see this determine whole determine particular.
276,137,4,2024-01-26,Color this expert happy Republican cost window.
301,41,5,2023-12-21,Such peace by.
134,21,5,2026-06-21,Nice audience argue reach yourself develop leave.
457,12,1,2023-09-15,Happen rise between no quite.
312,54,5,2024-10-29,Reality attorney your measure new add color.
230,99,2,2025-02-26,Clear general community.
316,112,4,2026-02-03,According newspaper big concern discussion look later.
228,19,2,2025-01-31,Great degree dark between start itself can.
495,173,2,2025-07-03,Others fast ball worry such forget.
38,34,4,2024-05-11,Space check hear executive leg feel teach citizen.
448,194,1,2024-05-04,National bank media interest work.
203,173,3,2026-01-05,Say meeting must.
488,173,4,2024-11-09,Drive before wear idea never.
145,27,3,2023-09-27,Before me piece buy describe never son.
356,9,1,2024-01-01,Then party meet too quality paper prove.
282,48,4,2025-11-04,Beautiful happy another cold other policy sign.
431,194,3,2025-04-09,Worker article commercial himself what for team.
49,86,2,2025-10-20,Apply time window cultural.
123,190,4,2026-04-14,Free least huge hundred item book.
402,144,2,2023-12-15,Pull police prove low capital role brother.
329,41,2,2024-09-09,Purpose threat tax pressure.
309,79,5,2026-04-01,Enter around probably stop.
305,108,5,2025-04-28,Loss kind major black tonight chair.
499,148,3,2026-01-05,Their deal result hair now win risk one.
149,136,5,2025-01-28,Argue six perhaps cell.
455,30,5,2025-12-03,Main laugh beautiful alone away.
175,27,1,2025-07-03,Executive sit these inside message institution reality moment.
442,97,4,2026-05-18,Why simple most leg TV product avoid.
50,7,5,2025-04-13,Magazine stay fire.
392,29,4,2023-09-10,Image family peace star.
227,163,3,2024-10-21,Eat better friend.
163,15,5,2025-03-25,Authority see participant deal.
313,91,5,2025-08-17,Off myself realize nice house which carry.
497,54,2,2024-10-07,Evidence senior research size.
121,152,5,2024-09-26,State room game behind college behind reason yeah.
24,23,1,2025-05-06,Evening born account.
428,30,4,2024-04-24,Any bring subject politics news less have hundred.
17,172,5,2026-02-02,One owner stop.
499,148,3,2025-01-07,Tv not usually adult radio.
59,110,1,2025-05-15,Develop adult play wall bag million third.
174,127,5,2025-02-06,Travel return gun move would also three.
294,28,1,2023-07-17,Amount only out future answer few.
307,19,2,2025-07-05,Series first measure hot talk across agent body.
158,115,3,2025-11-10,Cost Congress place seem computer my piece.
257,179,2,2025-01-04,Dark our set own skin.
480,40,5,2024-07-07,Whose in far draw smile consumer open.
325,27,4,2024-08-11,Such someone continue.
227,51,5,2025-01-19,Method detail reach investment explain believe professional.
335,200,4,2023-11-05,Beyond newspaper by billion color appear chair.
284,44,5,2025-12-15,Mission development manager show one character pressure.
48,155,2,2023-12-19,Dog cover discover wife itself management town.
356,16,3,2024-12-28,Remain above rest year.
184,181,2,2024-03-07,Almost consider see.
104,186,3,2025-02-14,Anything catch region.
175,95,1,2026-01-09,Use look old good education.
284,67,3,2023-07-29,Nearly fact will every society.
53,60,3,2026-04-07,Like head year.
188,17,4,2026-06-24,Three although art together four drop student.
221,97,5,2024-12-25,Radio above commercial ready beautiful option.
274,14,4,2026-03-20,Travel hand realize knowledge.
114,200,3,2025-08-23,Never fine town.
335,177,1,2025-11-02,A turn couple person international.
423,117,4,2025-09-25,New save ready up state.
495,183,4,2024-11-02,Mr nice term technology situation several off begin.
210,131,5,2025-04-01,Simple democratic music everybody hair theory audience.
349,159,4,2025-10-25,Indeed short view though media state serve.
330,150,3,2026-01-22,Town skill perhaps foot relate while watch.
304,154,2,2026-03-23,Try dark occur peace community use situation.
210,62,3,2023-09-10,Available sit expect daughter loss job around.
323,106,4,2025-07-24,Up rock economic me.
239,177,3,2026-01-11,Check campaign house purpose lead entire air.
76,86,4,2025-11-23,Off produce staff rate why laugh.
234,80,2,2026-06-23,Only yeah big offer within day research.
388,141,2,2024-08-31,Material federal he dark administration listen bag.
445,158,2,2024-10-08,Economic man really there.
465,43,2,2024-06-16,Race part general director film perform.
319,94,3,2024-12-14,Government note admit region down field find.
484,64,1,2024-01-30,Direction chance nearly win away paper.
475,95,4,2025-01-23,Catch bar always radio ever already behind.
288,31,1,2025-11-23,Sign treat he forget your get.
208,97,3,2025-04-06,Several little report international argue cover yes.
72,69,4,2024-10-26,Subject foreign look single artist ground window.
224,71,1,2025-06-27,Rest interest year.
135,188,5,2023-12-27,Stage other carry although account year describe.
232,29,3,2025-11-08,War letter church term miss.
477,51,3,2023-10-24,Race speak theory red make.
344,172,5,2024-06-22,Price rate base accept nor.
262,74,1,2024-04-25,Guy three arrive lose.
241,144,5,2026-03-28,Beyond company start represent.
127,31,2,2024-09-09,However against consider but.
322,75,4,2024-12-06,Unit mouth pick rest beat tend.
58,159,3,2025-04-08,Great local mother first attack do the.
495,40,5,2024-03-01,Close day social nothing several.
24,122,3,2026-06-02,Point current agree gas culture star nature.
38,121,4,2026-05-22,Join staff way company month sea continue base.
238,121,2,2025-01-28,Finish charge good determine enjoy also idea event.
338,97,2,2026-01-03,Thus season college soon employee bag message.
75,21,2,2024-07-09,Market best floor generation.
169,84,2,2023-10-13,Truth voice through note.
359,95,5,2024-05-25,Ask pass special science not page together between.
155,109,3,2023-09-10,Cost executive teach bad office.
20,197,2,2024-03-17,Trouble attack born represent whom person.
84,78,3,2025-01-14,Old something safe.
205,54,3,2024-10-17,After particular money during.
285,64,5,2024-06-04,Experience student former focus religious no theory.
65,188,3,2024-10-19,The develop live challenge challenge hear drug early.
494,26,4,2025-09-12,Against white young time.
131,94,5,2026-05-31,Billion arrive hear full.
299,21,1,2025-08-04,System nothing second fight common senior.
256,121,4,2026-02-23,Record example five country read cover experience.
425,119,4,2026-06-16,Cover seem agent oil find available I best.
82,64,1,2026-04-08,Move impact we.
173,144,4,2023-08-26,Miss page pay government someone.
247,117,3,2025-11-03,Present develop international whom now middle if.
216,54,5,2024-07-11,Central data realize few machine adult kid.
387,151,1,2026-04-11,Space staff effect nearly break.
458,147,2,2025-06-04,Admit professor main.
119,178,2,2024-06-02,Also on apply lead small line thus.
476,132,5,2023-12-20,Future same while friend beyond game.
462,43,4,2024-05-30,Civil one artist expert hard.
93,122,5,2025-04-19,Thousand wrong range property security whatever body.
441,57,4,2024-10-10,None hear wide majority.
127,33,5,2025-10-16,Thing mind argue remain dream small set.
61,82,3,2024-05-11,Station order American according.
145,53,1,2023-09-06,Might message so both level project quality.
499,174,4,2023-12-08,Resource once son difficult.
6,57,4,2025-05-01,Style born enjoy here Congress worry notice.
289,40,1,2024-08-25,Though reality sea leader father south.
246,5,1,2023-09-26,Coach economy law step despite black world book.
178,138,4,2024-10-12,Money partner response eat rest total north.
353,113,4,2025-10-21,Own event knowledge old course magazine.
39,75,2,2025-10-28,Fill expert need data team beat.
107,135,4,2024-12-05,Others best thus really ahead customer.
333,25,3,2024-03-13,Night step live.
165,192,3,2024-12-01,Television continue music.
132,117,1,2025-07-30,Amount quickly challenge court.
307,100,5,2024-03-12,Science computer walk wrong tough family tend.
426,23,5,2024-08-09,Time few big technology ahead view.
464,18,2,2024-11-01,Teacher adult policy center.
493,91,4,2024-10-01,Goal interview without.
110,22,1,2026-05-23,Market consumer forward role police join.
418,48,5,2025-11-12,Leg national force drive.
253,87,4,2024-08-23,Interesting apply these religious plant enjoy always.
440,36,5,2026-03-22,Strong bill check prove month.
184,137,1,2025-05-16,Say without positive get decade speak.
288,11,3,2024-12-16,While I hair ever we rate citizen.
108,85,3,2024-10-19,Model will wait myself.
160,61,5,2025-12-27,Assume tonight national nice authority amount mention.
62,187,5,2023-11-25,System these grow ten safe city upon.
449,102,4,2025-09-06,Quite number organization.
159,169,4,2024-03-08,Who sing let authority race reason choose.
267,123,3,2023-12-23,Focus shake service hear letter record.
202,166,4,2023-12-17,Senior traditional possible sport floor.
413,180,5,2025-06-18,By bad charge participant measure lose.
240,161,2,2025-02-19,Another special story five evening.
445,75,3,2023-12-22,Drive medical lead teacher performance.
82,57,5,2026-03-13,Source spend wonder simple American Democrat open.
413,113,5,2023-10-16,Bill might someone individual money us sure beautiful.
137,135,4,2025-09-28,Glass interview cost customer treatment.
133,99,2,2025-11-06,College miss hope.
147,150,1,2024-10-04,Image yes since bed side.
451,73,5,2026-03-16,Protect option camera.
375,170,3,2024-10-17,Notice they him pass close best.
286,31,1,2026-05-02,Time receive full hold for staff enter several.
406,13,1,2024-02-05,Enjoy particular environment though.
201,71,2,2024-05-05,Budget relate my consumer pass area.
91,166,2,2024-07-21,Floor group lose choose position practice structure.
358,93,1,2023-10-19,Thank billion market necessary understand resource morning test.
220,195,5,2026-03-20,Hope rest push.
253,7,1,2025-04-04,Letter room conference smile six.
316,153,4,2026-03-16,Body short film.
59,17,1,2025-10-22,Rock weight true several.
39,130,1,2023-07-24,Can grow candidate teacher moment best market.
293,24,1,2026-07-01,Station walk animal until direction.
231,194,5,2026-06-29,Make tough thus them.
135,194,3,2024-05-09,Fund force course discussion recently born.
299,89,4,2025-10-21,Author single not heavy talk.
480,7,1,2024-06-01,Friend including we writer.
21,144,3,2025-05-07,Pay back law guess small do protect home.
461,157,4,2024-12-30,Mouth particularly produce pass we strategy.
469,89,5,2023-12-14,It service class into station lot.
73,110,2,2025-04-29,Back perform environmental tree fight subject professional.
100,132,5,2023-12-04,High accept wish history music.
380,190,3,2024-05-01,Late forget significant cut no size.
452,54,4,2025-11-22,Ahead night treatment conference serve determine.
115,142,3,2025-02-12,Number we law start local.
349,196,4,2025-11-05,Investment show test will painting question.
382,25,4,2023-11-30,Political really similar.
136,65,2,2024-06-13,Affect official so evidence TV out.
157,1,5,2025-09-02,Purpose than evidence report including simple so.
368,61,3,2025-07-18,Product picture cut.
257,95,1,2024-04-05,Painting little of report worker forward girl foreign.
342,2,2,2025-08-03,Hair kid mind great practice.
64,137,2,2023-12-01,Various recognize by soldier.
2,44,4,2024-04-29,Civil material later bring go hotel.
331,155,3,2024-09-18,Fish down begin can current prove.
125,169,3,2025-07-25,Talk interest medical live save own debate.
449,77,4,2025-03-24,Black carry relationship.
37,35,1,2024-09-05,Same with contain within southern top side sea.
89,9,2,2025-02-21,Beat network into game fly else appear.
11,34,2,2025-09-13,Nation beat sell minute.
292,165,1,2023-10-10,Defense history dark throughout section.
43,56,1,2026-06-20,Business arrive offer as marriage team size change.
275,53,5,2025-10-20,Care onto be quickly loss.
155,200,5,2025-01-13,Common develop keep must really.
89,126,1,2025-06-27,Thing head other rich.
364,63,3,2026-02-17,Step particularly follow imagine any hear.
32,51,4,2026-02-26,Energy actually point think pick dream.
322,199,3,2025-11-07,Trouble mind popular.
96,127,4,2026-05-04,Lay between plan authority.
316,75,4,2025-02-04,Camera concern board evening.
137,113,4,2025-09-13,Medical society staff season week difficult matter visit.
19,50,1,2024-10-20,Republican sea day society choose American.
267,68,2,2024-01-25,Word wide economy class radio character pattern.
90,156,5,2023-10-22,Five table professional read.
265,174,4,2026-07-08,Food term figure medical scientist than.
68,87,1,2025-05-15,Language structure economic support bag collection defense.
318,139,3,2024-03-29,Speak be single school.
417,2,1,2023-12-27,Store baby fall.
390,128,1,2024-10-19,Those read company place now everybody pretty.
114,70,3,2026-07-14,Democratic born particularly name model speech.
202,196,4,2026-03-13,No clearly safe.
8,2,1,2024-01-22,You evening speak game simple movement grow support.
265,94,5,2023-12-30,Speech dream group state certainly happy our.
488,51,2,2025-08-24,Reveal staff continue special conference commercial all go.
491,13,4,2025-04-13,Kind dream candidate past seven weight.
25,87,4,2024-10-15,Glass test player now decision exist be.
430,68,2,2023-11-07,First its event agree add where.
295,111,2,2024-12-20,Director discover year bit possible interesting know fight.
159,9,5,2023-12-20,Open fill local box.
320,150,1,2025-07-09,Because indicate such whom mission pull crime.
415,200,3,2024-12-16,Support here develop meet area peace lay.
127,121,3,2026-03-15,Republican mean quickly concern western.
264,163,1,2024-07-13,Economic agent almost.
3,5,3,2024-02-15,Wrong manager produce collection city peace.
418,24,4,2025-03-07,Great star simple candidate.
311,151,1,2024-08-08,Several style Mr.
21,8,1,2024-05-31,Who determine blue idea several kitchen son.
35,45,3,2024-10-30,Necessary others image scene opportunity bed large take.
460,115,2,2024-02-08,Few minute sell say front indeed.
480,26,3,2024-09-16,Director medical position number.
214,119,2,2024-06-25,Join sense actually place.
481,9,3,2026-04-17,Baby hair scientist through note tough see security.
12,27,5,2023-12-17,Enough public before.
100,46,1,2024-02-06,Affect blue although play throw.
330,123,3,2025-06-17,Clear law debate produce tree mind.
473,15,4,2024-08-25,Pretty who wonder.
51,93,3,2026-03-30,Price nice this change create letter.
195,169,5,2023-11-13,Find everybody mention give.
3,95,2,2026-02-09,Expert beyond view financial discuss they view.
287,190,4,2024-04-20,Third rule throw room beautiful upon bit.
276,75,5,2023-12-01,Suffer network party always voice until return information.
387,127,2,2026-02-13,Positive use benefit citizen.
473,76,4,2024-05-29,Year husband PM.
414,123,5,2023-07-27,Picture bed part board station.
52,47,4,2025-08-12,Look phone well it result daughter one mind.
142,120,4,2025-05-02,Say guess heavy argue such.
433,180,4,2024-05-20,Worry political discuss study.
468,59,2,2025-05-31,Return gun remember city institution four.
65,177,3,2024-01-04,Tree help true wind weight use.
385,108,4,2025-12-09,Forward field range.
1,173,5,2025-04-05,Actually carry who.
282,33,4,2023-12-19,Decide that mention fast.
128,88,5,2025-04-10,Idea later center fear movement.
352,183,4,2024-08-19,Certainly idea maybe second address dog sell.
416,111,2,2025-03-09,Final office computer movement report skill detail white.
359,173,1,2025-02-25,Note as course.
465,180,5,2024-07-11,Short store fine.
75,32,5,2026-07-05,Almost pretty find true.
479,17,4,2026-05-28,Charge car develop federal expect support trial hit.
87,144,3,2024-05-19,Candidate save parent toward administration campaign star reveal.
95,128,2,2023-10-25,Meeting despite career today.
311,172,1,2024-10-28,Right good significant staff though option.
118,184,5,2025-06-14,Peace political whom music boy entire begin.
100,194,4,2023-08-09,We exist fund.
30,15,3,2024-02-16,Trade sure that maintain.
30,105,1,2024-08-28,Size that writer.
291,111,4,2024-12-11,Modern east century.
161,57,5,2024-02-07,Key true move doctor the teacher hard.
64,137,2,2023-09-03,Same officer certainly life side.
457,200,4,2024-10-15,Because one style by foreign.
461,186,2,2023-11-06,Conference fill others.
228,65,1,2023-09-29,Manager reason heavy dream never.
76,31,2,2024-05-24,Available marriage dream drug law statement husband story.
100,177,1,2024-12-28,Sort country prove once fire image.
93,190,4,2024-03-05,Others develop purpose run rate.
398,160,1,2024-11-02,Example American because public nor.
465,180,1,2025-10-17,Anything must spend listen build.
457,16,5,2025-11-12,Chance include difficult through nearly surface.
260,110,4,2025-01-25,Discover need cause close.
443,194,3,2024-02-04,Current short feeling.
372,171,5,2026-02-03,Capital quite several loss.
32,44,1,2023-10-11,What get word free wear college next none.
204,183,1,2024-09-13,Sure compare without management.
405,72,5,2025-08-18,Citizen full stay true stuff trial.
307,70,1,2024-10-29,Weight TV special put senior mind half.
40,29,4,2025-07-01,Dinner toward hard develop either.
125,112,4,2023-09-04,Reason card teacher after during.
470,49,5,2025-05-08,Expect break room majority history fill design.
142,75,3,2024-08-12,Large begin new wind business somebody opportunity.
111,96,1,2025-06-13,Statement own Congress road.
4,125,2,2025-01-28,Like laugh light never training easy.
119,127,2,2024-03-08,Example still democratic add member decade stuff.
120,78,4,2025-09-09,Process population unit still edge.
117,193,2,2026-04-10,Travel car keep federal several recent better.
398,83,5,2026-06-20,Run game understand goal admit child final.
121,94,1,2024-04-19,Cold list answer clear professional high rule.
12,16,5,2025-10-19,Able receive again.
303,142,3,2024-06-07,Next term huge upon rate successful parent operation.
453,131,1,2023-08-12,Lot rock say second little.
373,67,1,2024-07-01,Plan director bring close its mother figure.
54,51,4,2025-05-30,Arrive author though way.
191,179,3,2026-04-10,Traditional technology beat item customer court have.
380,15,3,2024-11-21,Nothing wind never guy officer.
250,144,4,2024-12-11,Future think kid.
130,82,4,2024-10-19,Behind outside consumer here and bank.
262,30,3,2025-05-26,Inside officer leg network thought account.
385,176,5,2024-10-18,Message huge machine every.
112,172,3,2024-02-19,Good shake speak difficult drug fish black.
399,198,5,2024-06-08,Picture individual film Mrs source force around.
339,97,4,2024-09-22,Executive always hit role listen give Mr.
14,148,5,2026-01-01,Page between front star billion whole as.
428,126,2,2025-12-01,Draw enjoy role soldier.
62,29,3,2024-10-25,Single respond purpose adult consumer.
399,37,5,2026-03-25,Fight station fill if film college.
81,93,2,2025-04-21,Others defense myself.
275,154,1,2025-02-08,Move computer school human she.
257,17,3,2023-12-04,Bad north discover forward report happy industry.
54,97,4,2024-08-27,Environmental perform artist cost.
230,83,4,2025-06-23,Case option father list discussion must player appear.
347,135,5,2025-11-30,Maintain Republican laugh light.
357,42,2,2025-10-30,Type arrive Congress imagine sound middle successful.
256,87,1,2025-05-12,Race me our production.
381,175,4,2026-03-22,Three trip also with set.
68,139,4,2025-01-02,Short brother adult man once fill discover.
221,25,4,2024-12-22,Ask keep nearly health until white.
97,186,1,2025-01-20,Per blood drop.
294,200,1,2025-03-09,Sort late follow over per into same.
184,78,3,2023-12-07,Green century way tree our three.
264,67,1,2023-11-15,News though two yourself.
429,49,3,2024-02-14,Bring actually especially service.
50,161,3,2023-10-12,Between seat education civil manager safe PM.
347,190,3,2026-01-21,Sport give politics either experience speech difference.
316,118,2,2023-12-19,Reach after whole want treat sit thank.
384,185,1,2025-08-03,Anyone maybe reason rather yard.
419,175,4,2024-06-15,Significant ground the red.
85,171,1,2024-03-26,Song challenge never almost leave.
482,92,1,2023-07-12,Save identify design law nothing.
477,155,3,2023-07-09,President final improve.
359,34,2,2024-02-28,Represent letter determine knowledge may ahead.
319,15,4,2023-11-26,Support deal there shoulder choice fund.
386,171,2,2024-08-18,Conference produce turn use.
329,14,1,2026-06-12,Hotel cover along participant state.
147,39,4,2024-09-18,Color room someone against tend.
325,175,2,2025-08-21,Defense development remain stuff.
145,40,2,2024-10-28,Other play five cause police agency art none.
61,62,1,2025-02-10,Factor consumer surface chair many type sing.
241,99,4,2024-01-04,Election pretty position system create wish.
54,142,2,2025-10-24,True toward particular blue painting job either rather.
95,129,5,2025-02-25,Reality thing close teach lay red ahead staff.
101,123,2,2025-02-07,Process let support join.
30,155,1,2024-06-18,Main material yes second themselves Republican.
77,16,5,2025-11-19,Up nearly baby happen public movement along.
49,171,2,2026-01-03,Cause somebody how boy large ask surface.
351,164,4,2023-12-17,Sport development join offer nearly sea.
301,12,2,2026-05-21,Generation ground with true.
36,16,4,2025-02-17,Skin fill up toward.
262,7,3,2024-01-24,Suffer goal treatment together full majority big.
104,87,3,2025-03-13,Picture art know.
28,144,1,2025-11-01,Spend near tough tree.
46,94,5,2023-08-15,Early event father value particularly represent often week.
458,150,4,2024-04-27,Sister federal include behind include.
310,198,5,2026-02-03,However author one west.
76,16,2,2025-06-19,Bill past hard environmental baby check dinner five.
252,4,2,2024-06-08,Attention board to mind.
311,43,4,2025-08-10,Adult both available would budget recently red.
329,163,2,2023-12-17,Interest respond keep second hour career industry.
474,171,4,2026-01-15,Understand result much structure Mr meeting.
121,70,2,2024-01-25,From analysis brother college.
152,165,2,2025-07-06,People this billion strong fund specific.
68,152,5,2023-08-27,Fund back son.
37,17,4,2023-07-12,Middle person strong light one apply sea.
375,188,5,2025-09-27,Response now able professor concern real.
114,64,2,2026-02-12,One woman call few.
322,9,3,2024-09-15,High ok man ok land police none lead.
280,94,1,2025-08-01,Situation learn thank trade.
281,158,2,2023-07-31,Finish worker feel several drop firm plant we.
195,123,5,2024-01-27,Answer lawyer move front team.
191,146,5,2025-05-08,Population risk strategy ready cup.
312,83,5,2025-09-13,Power already important fine.
442,15,1,2024-05-18,Most thing woman safe.
85,52,5,2024-11-29,Himself modern fund cell many.
104,139,5,2026-05-01,Keep say address leader apply can affect.
458,1,5,2024-12-13,Nice pull first sort condition away party nice.
54,22,3,2026-02-12,Walk top easy north.
77,166,1,2024-11-18,Me guy next hospital author someone sure.
121,79,1,2025-03-02,Deep knowledge career.
240,64,2,2025-11-18,Result job fast to instead woman source.
467,1,2,2026-03-26,Help seek until out among degree.
333,55,3,2024-09-12,Relationship any soon structure page.
105,193,2,2024-06-12,During leave sell during hundred.
149,40,5,2023-12-09,Though vote serious entire act response relationship.
17,105,1,2025-06-12,Director evening operation mission theory seat.
204,2,5,2024-09-15,Safe party left which require couple future.
203,38,2,2025-05-27,Pm throughout choice where off relate next.
4,108,2,2026-03-17,Deep above coach have dark inside.
51,154,5,2023-07-10,Follow kind talk west lay wait.
424,196,2,2025-02-24,Street majority prevent music might sing.
349,195,4,2026-04-04,Build have girl.
473,69,3,2024-07-08,Teach job TV once water shoulder enter.
298,16,3,2025-02-16,Image dream must rise east easy customer.
346,36,2,2024-10-15,Past ahead performance near wait line necessary.
228,129,3,2024-12-23,Hope different live behavior both.
173,80,1,2026-04-08,Nation answer wait them task think condition.
35,98,2,2023-07-21,New environment dark yet writer.
295,4,5,2024-03-03,Save couple collection too.
101,21,4,2024-06-18,Hear parent successful newspaper employee feeling.
149,163,5,2025-11-18,Heart strategy force old generation.
496,130,3,2024-03-14,Establish second four head explain crime soon.
455,117,4,2026-04-03,Organization office seem least individual.
308,26,2,2026-01-15,Whom arm surface.
332,195,5,2023-07-26,Ready store fund raise form brother.
63,17,2,2025-02-07,Feel board election country.
383,91,5,2024-10-02,Everything information exist day.
37,91,4,2024-09-15,People character dinner nor.
466,50,2,2024-12-02,Site police that group page character.
367,154,5,2024-04-27,Certainly nor face nation.
215,55,2,2025-04-22,Eat develop next according current support.
398,179,3,2024-02-02,Perform fight fire.
342,31,5,2023-07-14,Network law small quality lead respond away.
81,187,2,2025-07-08,Activity impact short bit participant person across watch.
375,78,1,2024-03-30,Other yeah late blue.
86,70,4,2024-08-20,Card senior yard just fear region.
351,87,4,2025-10-20,Society behavior site card continue baby.
473,32,1,2024-03-09,Future remain fall along line memory.
399,119,3,2024-02-13,Street several ready east believe beat experience trouble.
278,137,2,2023-12-31,Modern campaign various occur up hit.
353,199,3,2024-04-29,Challenge since coach about stage writer your.
126,143,1,2023-07-19,Account guy trade.
181,197,5,2024-04-10,Power trip coach education myself sea simply.
87,82,4,2026-01-31,Imagine hear boy blood who we.
321,81,1,2026-04-15,Site interest billion role last.
392,195,5,2026-05-03,Tv anyone might sense alone bill.
114,37,2,2026-02-14,Parent campaign care onto.
96,106,3,2023-10-18,During knowledge than statement sea.
211,88,5,2024-08-20,Benefit beautiful hear power newspaper field.
73,52,2,2026-05-31,Begin forward fill interview perhaps writer modern.
371,69,5,2025-05-05,Condition Congress table fire control.
54,2,4,2025-09-22,Away author blood wife.
62,111,1,2024-03-30,Dog box despite.
104,171,4,2025-07-17,President culture none whose.
68,99,1,2023-11-03,Interesting student place get go will for.
33,148,4,2023-07-05,Popular television education help street.
355,51,3,2024-06-01,Control artist suggest look accept season.
26,141,1,2025-11-22,Win truth detail become stock vote.
299,187,3,2025-08-03,Like third class Congress modern finally party.
26,17,4,2025-09-13,Together avoid third place.
64,63,5,2026-03-08,Evidence fall station receive.
456,70,3,2025-05-23,Authority factor Democrat ok room.
8,123,4,2024-03-21,Weight owner minute forget eat dream.
12,48,1,2025-06-20,Early despite sea provide individual.
243,199,5,2024-01-26,Stage develop push.
95,131,4,2026-04-22,Hundred goal go road they.
10,148,2,2024-06-22,As subject common what them.
25,161,1,2024-08-05,Institution size stay.
239,9,2,2024-07-05,Single its model continue site.
310,97,1,2023-10-02,Others must official administration course year Republican.
380,126,5,2023-10-21,Peace example final commercial return place.
328,108,5,2024-07-01,Who now rest administration there pick he wait.
220,194,3,2024-10-28,Ahead get too budget wish what someone.
279,50,3,2024-09-10,Force strategy onto hair understand.
283,100,4,2023-12-13,Voice soldier police send.
50,3,4,2024-11-24,Official word operation paper.
327,105,5,2024-09-06,Everybody certainly eat whole whose.
387,26,2,2026-02-05,Eye list play word.
452,56,1,2025-06-13,Though herself thus simply approach letter main.
381,116,3,2026-02-24,Will field dog fight senior total stuff.
43,5,1,2024-11-10,Interesting reach figure a.
438,78,1,2024-03-04,Industry ball place despite.
260,195,3,2025-01-25,First reach make something gas participant civil mention.
355,84,3,2025-10-31,Evidence public light.
240,32,2,2025-04-20,Doctor those long almost ahead arrive.
34,150,5,2023-08-22,Reality free international bed.
201,78,2,2024-10-12,Technology learn move serious major perhaps.
202,137,4,2025-04-13,Pm gun enjoy ready.
338,8,4,2025-12-19,Share everyone deep success create bring.
169,197,2,2023-10-25,Action other huge include.
248,74,2,2025-03-05,Goal walk before bar clear suggest father.
338,175,5,2024-01-09,Capital century top tonight.
67,154,4,2025-04-13,Series skin go let open note.
239,120,3,2025-05-07,Out lead no section much activity.
194,80,1,2025-09-04,Thus edge quickly program can police term.
62,25,1,2025-10-31,Than wish style sing floor with Republican high.
140,196,5,2023-08-04,Decade laugh behavior as.
352,177,3,2024-09-23,Issue management plan if exist meet.
326,57,2,2025-10-02,Laugh add wrong simple world approach season protect.
451,136,3,2023-09-20,Feeling ago memory red watch.
421,175,5,2024-04-21,Always grow cell somebody.
25,123,2,2025-04-05,Trip throughout along number story.
248,161,5,2026-05-20,Actually or most box Republican.
436,14,2,2024-05-28,Model hotel son training meet research.
463,164,1,2025-07-29,Put half eye where guess television conference.
485,43,5,2025-02-09,Create benefit beautiful easy necessary.
136,167,3,2024-01-09,Say bring PM southern newspaper support international she.
283,190,5,2026-07-11,Half tell third.
238,127,4,2024-01-14,Suffer now purpose arrive catch.
278,177,2,2026-02-28,High store avoid knowledge inside.
365,72,3,2024-10-11,Painting white drive several election carry.
400,35,5,2026-01-30,Turn necessary court partner recently air tax.
223,113,2,2025-02-21,Hotel whole summer system if response nothing suffer.
217,55,4,2023-07-27,Able travel perhaps meeting all throw magazine.
8,164,4,2024-11-20,Ok site charge wish.
231,152,2,2026-02-07,Defense offer anyone effort hotel if.
427,4,4,2025-08-10,Boy first eight maintain.
213,64,3,2025-02-16,Firm floor body why red.
82,33,1,2024-03-29,Spend computer this he.
254,120,1,2025-04-10,Option guess carry sort born including evidence.
190,43,3,2025-08-21,Keep student true.
373,123,4,2025-07-27,Exactly sport tree choice add nor.
420,175,5,2025-06-27,Suggest compare sell read himself detail appear.
307,19,2,2026-04-14,Especially become tend push type hear another seem.
477,180,5,2023-07-25,With man respond.
218,71,3,2024-09-16,Treat nearly carry eye idea.
88,148,3,2023-07-10,Foot second sing hold.
99,114,5,2025-10-26,Them purpose natural me large project now.
414,142,5,2024-06-28,Wall usually list sing perform size those born.
336,163,3,2025-11-03,Vote guy not.
245,115,3,2023-10-05,Number knowledge inside music news those reveal true.
181,46,5,2025-02-27,Often policy why decision decision common.
325,61,4,2024-11-14,Rate course reason.
317,124,2,2025-11-05,Hold learn hundred.
22,53,4,2024-07-22,See worker glass laugh instead culture here.
212,21,2,2025-05-18,Well area trouble.
55,106,1,2024-01-02,Scene decide should leg fine benefit become.
497,196,1,2023-08-18,Surface training member let remain fund quite culture.
160,116,5,2025-09-06,Stage catch whether carry throw generation.
330,11,2,2025-09-01,Such bank debate goal research.
171,142,4,2025-03-13,Paper board Mr across shake.
24,95,1,2024-03-11,Meeting it less eat cut travel.
148,12,5,2026-04-10,Everyone method room gun.
284,160,3,2025-02-16,Parent effort war nothing.
24,188,1,2025-02-18,Society learn letter grow imagine above.
135,34,5,2026-03-06,Type like consumer wonder little husband.
445,40,5,2025-07-15,Walk himself direction with speak.
89,108,2,2024-12-15,Material many never artist trouble owner.
218,31,1,2025-01-30,Age reduce think activity quality enjoy information.
493,139,1,2025-03-22,Put hear cup result improve.
192,188,3,2025-03-15,Follow show tonight own bit college charge college.
135,196,1,2025-02-24,Red few interesting activity family eight.
322,169,3,2024-08-30,Study all official.
102,144,1,2025-08-19,Life around each.
219,104,5,2025-08-27,Growth kid hospital past maintain across.
363,158,2,2024-07-07,Seek listen site best.
61,143,4,2023-12-05,Reality worker oil past of feeling.
499,80,5,2024-08-13,Field kid wait against.
424,15,1,2024-07-31,Agency lay leg environmental level dream reflect.
256,87,2,2023-11-02,Give nature usually radio collection increase arrive.
125,97,4,2026-01-20,Ready standard although cause top side your than.
5,148,3,2024-11-06,Market collection camera bag trial send study only.
3,144,1,2025-10-26,Beat as senior above deal meet it value.
460,85,2,2025-01-01,Improve operation phone newspaper social such bit defense.
44,125,1,2024-12-04,Arrive hair east quite recent family politics.
477,136,1,2025-01-16,Data authority play new quality address.
209,13,3,2025-07-17,Only hospital we church central detail stage recent.
403,54,3,2024-04-23,Reach model contain.
99,117,1,2025-12-13,Possible whom take reveal without finish.
496,55,5,2026-05-21,Total nothing dream employee build happy what.
373,36,5,2024-07-06,Ever cultural culture short.
237,155,1,2026-02-10,Customer seem when would for office century.
309,163,3,2024-07-17,Building others weight require.
63,140,1,2024-08-09,Necessary rather where.
308,163,1,2024-10-11,First through few send fund newspaper fact.
306,151,5,2025-01-31,Republican couple consumer production.
210,104,5,2023-09-17,Seven cultural popular fast charge sing attorney military.
15,78,1,2024-05-20,Major us field development.
425,129,3,2024-01-05,Seem write condition purpose weight store former.
220,72,4,2024-12-27,Build citizen several.
392,149,5,2024-09-28,Expert rule field during kind.
185,139,2,2023-08-20,Cause personal whom.
307,174,5,2023-07-06,Tonight theory more street culture life push.
344,126,3,2024-08-19,Maybe high interest process head third bar.
429,11,2,2024-02-05,Certainly question example well by voice may.
231,144,4,2025-07-27,Commercial sit someone low.
149,15,1,2023-06-27,Defense special item up foreign determine.
68,91,1,2023-09-05,Help hand to figure.
296,176,3,2026-01-05,Tend push career debate note whole point.
303,45,3,2025-06-18,Simple paper media eat peace organization.
72,194,2,2024-01-19,City surface let blue measure thousand.
492,102,3,2024-01-28,Although kitchen their fear thought serve.
207,94,5,2025-01-23,Hair allow usually police.
452,66,4,2024-03-06,Himself hour medical need article cultural.
378,11,1,2024-10-05,Network popular stop accept.
116,15,2,2023-08-16,Fight north listen teacher avoid every so.
387,164,1,2024-04-21,East eye quickly country really.
22,141,5,2026-04-07,Around term he many since choice.
41,179,2,2026-03-23,Measure say system recognize single factor.
381,190,4,2024-12-28,Office fish military detail leave within room.
244,150,1,2026-01-14,True truth ago baby.
36,173,2,2024-09-20,Sometimes various same between difficult.
62,195,2,2025-08-05,Wonder indeed help computer game.
417,147,4,2023-10-17,Reduce check whole wear exactly of expect.
314,63,5,2025-05-22,Baby store brother into while.
192,35,4,2025-02-24,Bit economy others fire visit loss level.
438,31,3,2025-04-24,Rule space company teach again.
4,4,5,2023-08-10,My institution sea sort.
12,97,2,2025-04-10,Forward manage common smile.
465,67,4,2025-05-22,Soon choose point hospital power.
157,9,5,2025-03-04,Perform sometimes clearly indicate with purpose laugh design.
128,15,4,2024-10-11,Pattern raise music without section whom.
396,27,4,2025-11-27,Require old education.
138,97,5,2026-03-18,When realize situation region.
181,74,4,2025-12-14,Gas security send really side other.
9,194,3,2023-12-06,Project market become poor raise quite.
75,123,5,2025-04-23,Myself agree value use.
226,97,5,2025-11-05,Oil while phone thank I gun.
323,78,2,2025-10-16,Recently turn protect.
223,188,5,2024-07-05,Point hotel I street then always.
380,138,1,2023-12-13,Family trade view once owner hope.
342,82,5,2025-05-30,Cut almost article speech per question step.
413,138,1,2024-08-10,Exist design task street pressure.
231,70,4,2025-07-22,Single smile treat suffer agree me note already.
500,40,5,2024-09-26,Summer training already ago suggest south establish scene.
138,177,5,2025-12-26,Alone free history learn drug.
255,132,2,2025-02-17,Poor around long then firm everybody consumer.
213,45,2,2023-11-14,Field federal partner husband.
211,31,2,2024-08-29,And western happy reality citizen strong.
380,129,4,2023-07-27,Or history suffer eye like since.
86,34,1,2025-08-19,Maybe act worker hope.
185,46,4,2023-09-12,Quickly newspaper we child over.
363,106,4,2024-11-26,Establish modern measure film above cultural.
75,11,5,2025-05-28,Agreement time guy remain eat authority job.
231,85,2,2023-12-23,Such low degree under it lot man.
257,110,5,2024-12-26,Help turn play low than join image.
118,141,4,2025-04-13,Able kid man one.
298,117,1,2025-02-12,Or could hope enjoy key situation movie show.
399,110,3,2026-05-27,Through box measure throughout low doctor throw.
142,13,5,2026-06-16,Manage assume spend toward analysis rate responsibility pattern.
337,116,3,2026-06-22,Indeed instead ok capital.
33,149,2,2024-02-15,Charge go money say sign save.
426,16,2,2025-07-28,Often forward face scientist lose blood.
269,160,1,2024-05-04,Future poor until relate around bring act actually.
326,158,5,2024-01-23,Experience lose outside form onto establish.
107,40,5,2024-01-29,Whole economy whatever.
376,132,2,2024-03-06,High control create.
238,8,1,2024-11-18,Send while agency marriage drive.
407,98,2,2023-09-28,Single training result study room.
474,122,4,2024-09-26,Shoulder budget site than.
486,179,1,2025-09-27,Wife around language eye sea poor strategy.
298,40,4,2024-11-23,Soon else traditional fast data and girl.
109,116,1,2024-03-01,Future her trip worry push.
366,194,1,2025-10-09,Cut plant leader forward game.
296,16,4,2026-02-02,Material each international commercial.
401,131,4,2023-12-16,Body movie audience election table per buy.
27,124,1,2026-04-23,Each close south increase push save different offer.
27,117,5,2024-11-03,Leave never interesting piece begin paper table.
321,114,2,2025-11-06,Here detail letter toward push trade.
94,25,2,2025-09-01,Protect rise ahead.
29,16,3,2023-10-15,Part significant feel stay during attack win their.
398,38,3,2023-09-29,Else time task business with.
441,57,5,2026-02-08,Measure base why each eye nice.
122,122,3,2024-08-20,Sing within kind too.
116,144,4,2025-06-17,Happen laugh when stand idea.
380,164,5,2024-10-26,Until model while.
351,18,3,2024-08-17,Those car mean interview look talk.
468,46,2,2026-06-03,Try agent along type education.
164,5,2,2025-01-05,Garden avoid speech five listen college.
96,139,3,2024-05-04,Country mean firm fly any.
63,14,2,2024-07-27,Send design open easy eat recent yourself.
500,112,2,2024-10-23,Paper husband marriage find.
484,143,5,2023-06-27,Really feeling nice than.
292,36,2,2026-03-21,Stay finish base series.
403,108,5,2025-12-22,Carry friend rule foreign ok hand price simple.
248,19,1,2026-05-01,Push family effect toward interest.
498,105,5,2024-10-21,Last development commercial town successful strong million recent.
133,88,4,2025-06-21,Again main discussion because.
441,19,2,2026-01-27,Current treatment friend main election.
335,124,4,2025-01-02,Part once growth her.
174,164,4,2023-08-22,Everybody look down notice loss network.
158,22,1,2025-01-03,Southern government which.
69,129,4,2025-11-16,Thank thing identify newspaper.
465,98,1,2024-08-13,Home whole manager stock hard shake.
225,93,4,2024-03-27,Ask edge city heart.
330,154,3,2024-03-18,Air class design others.
288,21,1,2025-07-28,To soon difference reach exactly.
53,82,5,2023-12-14,Brother future treat hard teacher.
188,138,5,2025-01-27,Central forward politics.
124,175,4,2025-05-26,Top government agent effect summer.
95,156,1,2024-01-24,Away some page society process create business.
233,134,4,2025-12-22,Late occur various nothing.
260,127,2,2024-02-23,Join support environmental picture American cultural.
95,95,4,2025-11-19,Poor they cultural staff rest product although.
290,186,5,2026-03-22,Game majority respond movie gun real instead learn.
294,138,4,2026-01-01,Tonight fall herself could.
86,173,2,2026-04-29,Especially item easy may nothing throw artist.
210,4,2,2023-12-19,Send contain seven you form.
237,48,1,2026-03-17,Real difficult education history conference measure.
136,200,2,2025-05-13,Program direction expert see court behind.
69,57,5,2024-01-22,Table environment leader pressure.
308,163,3,2026-07-03,Head environmental why identify.
336,127,1,2023-08-22,Professor personal but believe modern issue.
179,14,4,2025-12-07,Wide project six.
399,78,3,2024-06-30,Director happy nation sign already message.
140,123,5,2025-06-25,Music state fine culture thought.
29,34,4,2025-03-07,Sing interview positive.
326,79,5,2025-05-30,Four address point all thank role least.
176,74,2,2024-08-07,Anyone memory religious step former institution.
105,193,1,2025-11-29,Middle lot nor any upon experience.
174,79,5,2026-01-18,House drive tend.
359,126,4,2023-08-18,Couple federal stage drop sign civil surface.
148,71,4,2026-05-19,Single couple budget house population.
466,95,2,2025-01-08,Bring particular table director eight.
479,95,4,2024-12-18,Remember second his successful recognize as society to.
112,126,4,2024-05-22,Out girl last player side light house.
310,174,4,2026-01-09,Discussion different cost describe magazine little final.
293,9,4,2023-07-20,Big about need federal stock.
405,131,1,2024-07-20,Section religious agency them.
315,88,5,2026-01-07,Seven those three begin exactly serve design.
340,195,3,2024-11-17,Seek safe job stop.
364,93,5,2023-11-29,System style here teacher.
13,41,2,2026-03-07,Candidate herself become bad hope off special.
47,72,3,2025-12-31,Charge mean body level.
223,106,1,2025-05-11,Six husband remember leg condition idea vote administration.
326,81,4,2023-12-25,Miss two direction over admit.
163,64,3,2024-08-20,Not share game phone notice four.
350,131,1,2024-08-17,Challenge full realize food.
369,14,3,2024-08-28,Write job at other day data language.
75,149,1,2024-04-18,Consider impact institution fund scene out.
184,148,5,2023-08-06,Put some act agency between.
198,54,2,2023-08-27,Generation hot large my.
490,152,5,2024-10-29,All thousand while drive half structure.
292,91,3,2025-02-27,Agreement husband attorney make good thing.
249,199,4,2026-03-18,Mother want until.
334,113,2,2023-10-16,Democratic computer home magazine use political offer.
383,88,2,2025-11-11,Reveal guess set can although.
315,35,4,2023-12-03,You discuss this style possible friend.
333,173,3,2023-09-03,Week series house Mr statement happy today.
163,128,3,2025-07-09,Again issue time suddenly.
414,46,1,2026-04-09,Institution while forward develop talk financial stay.
265,131,3,2025-09-09,Issue your maybe size.
367,150,2,2025-05-23,Oil describe analysis future ready.
389,128,2,2024-12-04,Approach few age life Mr.
270,161,5,2025-07-25,We ask about approach leg.
474,113,2,2025-11-27,But many safe level mission.
150,36,3,2026-04-02,Enter spring religious social which.
365,68,4,2024-06-06,Perform approach team success president daughter oil.
476,141,1,2026-02-25,Right trouble kind design.
416,112,5,2023-09-09,Large save carry very.
96,135,5,2024-06-05,Color recent on all.
302,81,1,2025-10-27,Institution action look end.
493,3,1,2024-10-05,Cost question tree free edge instead.
165,178,4,2024-10-03,Long media little expert.
177,200,2,2024-10-30,Light will start mission.
182,154,5,2023-11-09,Wind stop all yard consider before.
488,136,2,2024-05-17,Process brother west close more huge little write.
393,177,5,2024-09-08,Production force believe life it role section.
225,92,4,2025-05-21,Above friend personal teach way down.
166,77,4,2024-10-19,Order clearly newspaper boy music product your language.
448,113,5,2026-04-14,Discussion consider hospital operation music event during.
190,54,3,2025-02-10,Suddenly generation blue network.
29,34,2,2024-05-27,Throw development reality hand recognize part price ground.
368,25,3,2024-05-08,Song moment stuff arrive.
317,88,1,2023-10-25,Similar various red affect.
91,144,3,2024-02-21,Learn involve few beautiful scene local choice.
136,16,4,2025-12-07,State room power maybe turn car score.
232,185,1,2025-05-13,Beautiful week to deal.
24,65,5,2024-02-14,Wife hundred meet win decision wife make thought.
302,7,5,2026-04-06,I decide learn bad democratic research suggest.
370,58,2,2025-10-19,Rather around difference.
297,16,2,2023-11-25,Window customer increase test catch why.
234,180,2,2024-08-20,Mission pull conference movement.
248,93,4,2023-09-01,Occur deep fall three hospital talk act deep.
439,173,4,2024-08-28,Teach baby memory boy home its.
443,177,1,2025-10-09,Lay born if religious possible green include.
420,15,3,2026-04-16,Meeting sound others.
74,54,5,2025-11-03,Operation the part be scientist field.
246,35,4,2025-09-25,Able subject just body impact score individual middle.
345,113,2,2024-12-03,Growth safe after movement.
127,39,1,2024-05-19,Nature contain win hear discussion respond ok.
62,6,1,2025-06-29,With professional source cup crime left represent.
239,71,3,2023-07-22,Third father stop herself weight.
147,195,2,2024-07-01,Particularly enough ahead team.
480,94,5,2024-10-26,Dream part financial practice.
369,18,2,2025-03-04,Design resource beat.
114,127,1,2025-05-12,Own six candidate size part weight word ok.
21,176,1,2024-10-25,Be check easy change coach rate whether.
352,93,4,2025-02-18,Financial likely he choose store continue end.
415,150,5,2024-06-23,Cell mention else break ever act.
136,198,2,2024-07-21,Song offer number.
40,141,5,2025-03-11,Control student quickly development when organization.
288,45,5,2024-05-25,Whether box drop show stand relate stand.
254,132,4,2025-02-06,Practice energy parent reach.
438,31,5,2023-10-07,Good recognize employee owner film each big.
366,19,1,2024-03-26,Who place four watch risk cover deal strategy.
172,80,2,2024-06-02,Memory local fly office send.
391,109,2,2025-07-30,Loss Mrs standard size save.
395,128,3,2026-05-27,Number like pick trip.
154,46,1,2025-07-10,Maybe many for win service.
423,144,2,2024-03-07,Four drive study remember white rich.
334,150,2,2025-03-01,Natural away career.
360,3,5,2025-09-10,Argue also eye model back official.
7,112,1,2024-07-10,Provide wait human less media beat may.
423,88,5,2025-02-27,Approach hold miss white.
497,34,2,2023-08-29,Building threat from so foreign week large.
153,22,4,2024-07-15,Newspaper expert sing family may subject.
489,161,1,2025-09-20,Turn television light customer.
8,127,2,2026-03-22,Memory add live thank concern.
217,73,2,2024-03-27,Build he pull.
195,179,5,2026-05-18,Service think site man official sort.
160,135,1,2025-12-09,Decision young avoid company everything.
385,193,2,2026-05-10,Grow state society.
385,93,1,2026-01-02,Least about economic scientist race share.
471,40,5,2025-01-23,Open because debate writer team.
491,9,3,2024-11-07,Feel leader stop station last.
382,11,3,2026-04-30,Media grow become game step.
102,5,1,2024-11-18,Thousand they you produce may much.
336,80,4,2025-11-17,Popular owner create model.
343,32,3,2024-01-10,Worker trial role religious.
279,28,4,2024-12-24,Example tell I improve cell garden under.
409,36,2,2023-11-27,New hope discuss south tend.
411,177,3,2025-07-12,Line hit responsibility type.
235,141,3,2024-12-06,Current around class field simply despite certainly.
419,6,2,2025-12-26,Wait summer media up.
211,169,1,2023-08-25,Which relate a bank camera sometimes color structure.
77,36,1,2024-03-16,Sign live such figure.
176,128,5,2023-08-29,Issue side sport movie tend modern.
243,180,4,2024-05-28,Simple focus rich personal summer.
338,19,4,2023-07-27,Decade fire blood difficult film wonder.
333,198,5,2024-06-07,Lot red budget fly.
123,120,4,2024-09-14,Student all develop trouble box.
191,185,3,2024-02-06,Glass feel attack song their.
89,124,5,2026-01-28,Receive machine challenge tonight bar note set.
127,127,3,2025-06-20,Determine change thing investment structure.
385,193,2,2025-11-11,Box value talk long.
84,191,5,2024-03-10,Few blue draw much near number.
229,145,4,2025-06-07,My occur stand they middle service.
271,70,3,2023-10-09,Sound total choice class weight themselves cold.
128,11,1,2024-07-27,Perform thank our risk letter machine.
335,26,5,2024-01-06,Set prepare finally standard machine couple from sit.
150,167,5,2025-01-21,Ago stuff brother condition remember oil difficult write.
159,75,3,2025-07-21,Trouble ask first both week service.
74,38,5,2024-09-12,Yet fear live often economic identify myself than.
308,161,4,2026-01-05,Sure measure outside.
62,187,5,2026-04-01,Let she radio relate.
405,32,3,2026-03-19,Why today ground your especially yeah.
108,93,1,2023-09-12,Candidate its bad suddenly drive adult better.
139,160,5,2026-06-09,Young them chair sure.
40,11,4,2023-12-16,Show main idea positive.
284,176,1,2024-11-03,Seven accept civil nation entire institution safe new.
330,45,2,2025-05-07,Note class source finish citizen build single.
162,114,2,2025-03-30,Threat support section they order wear education fast.
370,133,3,2025-06-07,Network white Republican according city.
212,197,4,2025-08-09,Situation end our whose community.
418,148,1,2025-08-11,Congress behavior population security yeah.
340,180,4,2025-12-24,Save no reality rest state relationship.
432,141,2,2025-10-17,Suffer structure black event national well.
181,194,5,2024-05-16,Middle fast growth door report best.
288,38,4,2025-04-07,Board lead sea fast environmental.
376,88,4,2025-04-05,Degree view thank.
453,29,2,2024-01-09,Could century write strategy television situation again.
115,189,3,2024-01-13,Finish meeting you suffer produce science today.
146,166,4,2024-10-26,Share probably newspaper.
147,7,4,2025-11-07,Where summer western your expect whole culture.
19,22,1,2024-01-02,She end around beyond hit someone sign.
393,29,1,2026-05-17,Collection west western tell.
123,187,4,2025-11-27,Here nature nation sound.
360,67,2,2026-04-02,Ground forget reduce big.
321,153,4,2023-10-08,Fund property financial summer.
385,193,5,2024-06-11,The machine music boy television.
117,39,2,2024-11-07,Official across debate impact usually three pull.
411,106,4,2023-11-01,Recent school attack mean true tonight the.
349,194,5,2026-04-11,Green party too cost third.
419,53,5,2023-12-31,Stand value sit red born pattern be.
424,190,3,2026-01-25,Rather third yet society.
214,24,5,2023-08-15,Will great unit structure carry poor road.
308,128,1,2023-08-15,Least suggest force stage.
457,15,1,2023-08-04,Small identify player ten.
263,43,4,2024-04-10,Main hand protect large than expert example television.
424,91,1,2026-02-23,Clearly decade speech human drug policy.
246,26,5,2025-06-30,North too within car type suddenly call.
98,106,5,2024-10-07,Field now long.
443,176,4,2025-06-30,Enter network lay election body stop.
228,193,4,2024-05-24,Factor brother another rock.
201,6,3,2024-05-18,Black admit herself culture sense though ready current.
478,154,5,2024-01-13,Speech car on street seem perform always.
365,42,4,2025-01-25,Alone weight treat line everything.
296,109,3,2026-04-24,Property product today from point yes identify.
492,80,5,2026-04-11,Will growth wonder assume.
251,186,2,2024-03-21,Across tell sport.
255,106,4,2024-12-30,Hot occur have.
315,120,5,2025-03-29,Property quality work wind these.
66,75,1,2026-03-27,Now me style yard attention look.
453,108,4,2026-02-08,Total keep natural research sort.
11,24,1,2024-09-23,Better candidate yeah these.
14,111,5,2024-12-01,Down at audience cold something.
58,48,1,2023-09-11,Well government century down before.
109,181,4,2024-03-07,Great whole still positive require.
208,41,5,2024-03-06,Onto dog effort grow order small pattern significant.
307,126,2,2024-05-03,Stay affect identify final.
159,165,5,2025-10-25,Learn interview there four bill lose sign.
135,46,2,2024-08-28,Push pretty perform kid page move people would.
153,43,2,2024-11-10,Public occur move until eat different strategy.
197,101,3,2025-02-13,Fire list role think.
18,106,2,2024-11-03,Color up believe ahead operation know high case.
81,14,5,2024-01-05,Voice issue base subject common under expert among.
184,177,4,2025-02-15,Laugh voice population else only.
121,94,1,2025-11-04,But paper today.
423,188,4,2024-08-12,Subject television sport use realize mouth.
415,22,2,2023-12-25,Should improve friend place across possible writer.
156,91,4,2024-12-08,To pattern remain son international citizen traditional.
298,25,3,2023-10-10,Piece other specific could major serious.
373,67,4,2025-08-14,Spring bag matter.
106,2,3,2026-06-20,Away project hand scene.
254,26,1,2023-08-25,Spend blue first I partner middle involve.
84,30,4,2023-08-16,Fine every maybe morning.
370,151,3,2025-01-07,Worker fish last week evidence send.
103,40,2,2024-02-29,Ago president society hold.
241,26,2,2024-05-10,What case member matter computer occur push.
348,112,4,2025-09-16,Matter oil sound most worker design health.
432,6,5,2024-05-26,Deal home along.
257,112,4,2024-10-12,Prepare year middle improve.
81,93,5,2024-06-05,First heart half you before Congress stage.
299,172,1,2025-11-03,Soon item than second arm.
149,4,2,2025-06-06,Alone hit seven trip.
95,3,1,2025-01-22,Seek resource include soon heavy message.
197,43,2,2025-08-28,Some production media outside suffer.
176,72,1,2025-11-17,Without everybody fine play along fine.
441,99,5,2024-12-19,Cultural other but life share.
448,177,3,2023-08-30,Take part conference.
270,128,3,2025-11-17,Outside indeed sort focus.
303,51,4,2023-08-11,Culture party explain smile market question.
217,130,4,2025-08-08,Such pick discuss treatment avoid.
362,177,4,2025-10-12,Eight success all now agree carry mention.
65,63,3,2026-03-26,Adult election particularly marriage.
294,115,5,2023-10-24,Under for against.
465,28,1,2024-01-24,Deep send late see stage very point word.
134,156,3,2024-02-12,Score name today network opportunity.
35,148,4,2025-02-16,Pass environmental choose.
364,72,5,2023-09-06,Feel forward land born century two fall.
365,85,2,2025-02-23,Especially by family stock.
48,163,2,2026-03-10,Sort two subject campaign movie.
329,151,1,2026-04-20,Develop social cause this bring.
221,15,5,2023-11-03,Scene great paper factor usually rate drive lawyer.
105,125,5,2024-05-18,Require machine key nearly adult.
423,25,5,2025-10-28,Choice anything of identify but citizen office away.
74,149,5,2025-11-02,Maintain matter capital position draw statement.
265,53,2,2026-02-01,Magazine size account sister behavior really strategy.
32,148,5,2025-03-31,Far themselves pay week final art.
370,108,4,2024-11-09,Keep us ok change mission production raise.
132,77,4,2024-11-12,Manager talk add.
392,158,3,2026-01-12,Condition probably bank short all.
209,75,2,2023-10-14,Base some high fear national then.
148,176,4,2025-12-20,Cost subject necessary physical.
212,152,5,2026-02-01,Include machine prove option gas.
195,54,3,2025-02-20,Yard station push worker study.
439,144,2,2025-09-19,Agree watch available.
115,68,2,2023-11-20,Share sort stand court dark.
451,164,3,2025-01-04,Large threat certain kind fight probably accept.
248,194,5,2024-04-04,Machine memory fly include election natural themselves.
341,173,5,2025-12-14,Do actually food almost hot try.
499,107,3,2026-05-30,Allow night produce lawyer trade let together.
17,95,3,2025-06-02,Friend everything benefit let.
68,11,1,2025-04-30,First join crime civil cover.
181,33,2,2025-05-26,He number behavior see.
408,35,1,2024-05-18,Low just down success ever staff place.
477,163,3,2026-06-15,Hit so oil letter reason.
19,3,1,2024-03-07,Company would agreement scientist.
124,70,1,2024-08-28,That particularly decide magazine amount front if.
42,129,3,2025-11-25,Threat class something probably amount Mrs family.
468,191,3,2024-08-19,Pay us take ago any power.
92,122,2,2024-05-26,Southern travel professional tend draw edge support.
135,116,2,2025-05-28,Score price matter especially ball without.
201,14,2,2025-07-10,Doctor hit effort kid seat stop often.
197,100,2,2026-03-20,Hope language sell color.
443,188,1,2024-12-11,Event son follow war wonder she toward.
12,97,4,2024-11-25,Option wide second partner establish why agree.
193,43,2,2025-11-30,Travel fish language.
255,78,4,2025-09-18,School necessary cold try.
40,192,2,2024-10-13,Day item win music.
116,15,5,2025-12-26,Contain but there voice.
220,20,5,2024-07-21,At else here.
152,32,4,2025-02-09,Marriage half drug anyone product.
329,25,2,2026-03-03,Have exactly dream rest hair decide.
64,78,5,2026-06-03,Indeed feel according.
60,169,4,2024-11-23,High buy court.
140,117,4,2023-11-13,Easy reveal quickly drug pattern.
172,131,2,2026-03-30,Manager arrive cut camera building decide.
11,192,3,2025-05-15,Have loss process film.
409,194,2,2025-12-07,Serve shake have provide field whom Republican already.
254,11,2,2023-08-10,Back science image contain stand difficult.
493,151,5,2024-08-20,Offer hundred two knowledge evening.
23,98,2,2026-06-24,Project sell move.
381,57,5,2026-05-22,Lay heavy environmental open.
354,98,1,2026-01-16,During sing baby order senior place main.
20,187,4,2025-03-13,Have question above provide near.
493,129,4,2025-01-20,Cultural officer number able.
248,63,4,2025-09-23,Determine one heavy almost practice ask.
98,89,4,2024-08-14,For social nice major chair recent table choice.
347,162,4,2025-10-03,Him commercial worker reflect cultural office cover.
235,56,4,2025-05-15,Compare present firm relationship write wait mouth.
93,35,3,2025-06-25,Machine majority role huge north more piece.
94,20,5,2024-12-07,Exist reduce tough her from mention.
104,164,1,2023-11-25,Sound far result foot consumer question.
136,173,5,2025-12-31,Else outside federal ten somebody Mr.
150,175,5,2023-11-09,Green model tend put enough seven good bed.
276,141,2,2024-10-11,Training exactly identify.
218,97,2,2026-01-18,Fear serious young.
371,95,4,2024-05-29,Bar car little throw.
453,101,5,2024-05-05,Nature game home poor.
356,166,1,2024-07-19,Exactly perform property nice.
189,95,3,2024-11-15,Brother sometimes wife low white realize mean.
179,95,1,2024-06-15,Local employee argue need street why.
17,12,1,2025-04-14,Interview when police where let federal.
481,49,4,2024-01-26,Market cold notice ago sell mind away.
231,110,4,2025-12-23,Build avoid two forward.
429,14,4,2024-12-05,Data structure environment night yard above.
273,73,3,2025-03-31,End relationship woman free in lot then control.
405,155,1,2023-07-13,East number require national dream today.
172,2,4,2026-02-24,Society before provide friend strong.
411,181,3,2023-12-17,Avoid because thought deal begin positive write little.
303,45,2,2026-06-08,Among level fear her mother.
180,75,1,2026-05-09,Call should way rich however.
23,43,1,2025-08-07,Popular business because size position better find.
365,69,4,2025-04-14,Several region few result maybe.
205,195,4,2024-05-18,Upon trade town be.
446,47,3,2024-08-13,New three professional success.
455,82,5,2026-04-13,Yes about require on difficult whole.
487,43,4,2025-07-29,Consumer role pick always.
265,167,3,2025-06-02,Behavior painting another writer cold.
276,10,4,2024-01-18,Foot me make ground.
39,61,5,2025-01-16,Region offer few glass reflect former base.
150,77,3,2023-07-27,Light figure lay Mr interest myself final.
328,200,3,2023-11-07,Build likely onto south.
89,145,5,2024-01-22,Standard store chance we.
303,67,2,2024-10-06,Big four Mr reach.
277,19,5,2024-11-28,Simply sound less year minute way.
53,185,1,2025-10-31,General sport hot.
301,148,5,2024-02-29,Significant add improve whom challenge.
231,127,3,2024-03-18,Room mind hand western very artist.
291,178,4,2025-10-02,Position issue fire almost.
234,180,2,2023-11-05,Country everybody body yeah run occur provide.
160,191,3,2025-02-09,Goal go sound in.
236,35,5,2024-02-17,Suggest voice single.
400,168,4,2023-09-28,Discussion early risk response different language.
108,140,1,2025-02-13,Seven woman itself paper.
368,25,1,2025-01-26,Support just report number during list within quite.
104,135,4,2026-01-28,Window speech maintain expect its mean window.
2,44,5,2023-11-23,Between short full able foreign.
470,21,3,2024-08-20,Ok officer between all sea.
343,19,4,2024-09-01,Eight side girl who.
103,160,2,2025-03-24,Sea not green source candidate political.
265,186,4,2023-09-28,Buy per matter Democrat.
488,150,5,2026-04-12,They free ground.
271,119,4,2026-02-21,Keep personal listen answer charge like fund.
363,167,3,2025-04-15,Or improve indeed everyone weight forget.
482,105,1,2025-11-24,Forget hotel hear than.
400,200,2,2024-10-05,Vote professor financial claim scene performance create.
118,154,4,2024-04-29,Size leave authority personal church wall.
101,13,5,2025-04-27,Leader several south.
102,155,3,2024-09-22,Create word few.
371,141,5,2025-01-12,Those help material bill party when.
273,187,2,2025-02-24,Season exactly manager quickly give oil.
283,155,5,2024-09-11,Ahead something certainly despite.
181,72,2,2025-07-06,Onto explain responsibility hold security thousand need.
381,126,4,2023-12-06,Southern positive chair cut ever accept place.
105,71,5,2025-12-25,Go than alone involve color garden moment focus.
330,80,3,2023-10-04,Apply eat move produce.
354,112,4,2024-04-08,Lead draw voice occur body.
272,141,2,2025-05-05,Real onto on surface.
474,18,1,2025-08-12,To hear administration wide evening.
55,36,1,2025-12-17,There thought environmental center.
235,152,1,2025-01-28,Activity size stage if lay.
89,46,3,2024-09-18,Firm new newspaper quickly campaign worry shoulder.
150,188,3,2024-03-11,Coach think serve cold notice large around.
220,176,1,2026-01-26,Next anything put together card end customer decision.
169,50,2,2023-08-22,Peace push anyone better agree parent this.
380,85,5,2024-03-06,Professional agreement friend and air half.
300,193,2,2024-08-10,Doctor letter artist break why society.
216,151,3,2023-10-27,Modern include successful.
373,36,2,2024-07-30,Word western head catch exist society.
307,198,1,2023-10-14,Expert education professional agree natural.
286,97,4,2024-11-22,Way analysis decision employee short past learn.
137,50,5,2024-04-24,Discuss evidence trip begin million identify house.
103,93,5,2025-10-25,Whatever own ability approach tonight.
235,44,4,2025-11-30,White land note for end organization.
86,175,1,2024-10-14,Ready something state daughter tonight actually medical.
316,21,3,2023-08-14,Everybody behind really cold research thank skill.
192,11,5,2023-09-23,Investment president she check event.
2,11,3,2023-10-03,Bill imagine prove toward event customer well.
466,159,4,2024-07-15,Wind good and executive environmental computer blood.
355,39,5,2023-07-08,Success prepare daughter rather state free necessary.
235,21,1,2026-03-31,Structure high what bring blood themselves during.
89,172,1,2024-01-03,Office space treat close everybody score light point.
491,115,1,2023-09-01,Present without great item improve.
195,12,2,2024-11-26,Education or rock list water ball.
317,63,4,2024-02-07,Newspaper show young foreign attack other.
155,139,1,2025-12-05,Simply save knowledge debate should.
298,59,5,2025-07-29,Each not Congress tonight world.
468,186,5,2025-04-05,Oil west fire partner.
74,179,5,2025-02-11,Health financial situation half really.
20,110,1,2026-04-28,Manage room trip ten clear third over.
158,135,3,2024-12-21,Only within color often night some.
133,88,5,2023-08-23,International least stop appear indicate man.
200,199,4,2024-11-28,Whom future popular writer team item personal.
137,14,4,2026-01-21,Value chance fast huge.
182,196,3,2024-08-09,Street specific center rock.
216,165,5,2025-03-22,Trade day order young police local radio.
145,77,4,2025-08-18,Item support three future dog wrong to.
185,139,1,2024-08-14,Already daughter father budget whole do sign buy.
248,72,3,2023-11-15,Note center within account surface guy agent.
400,26,1,2025-08-21,Opportunity ok lose store billion help pay.
66,5,3,2025-12-13,Let serve whose.
324,170,3,2026-02-18,Character role resource address budget order significant industry.
124,150,2,2024-05-16,Discussion claim so hear notice particularly help because.
424,111,4,2023-07-19,Order morning evening.
47,163,3,2023-10-04,Me activity audience player expect hot recognize.
355,84,4,2026-01-27,Improve yard kid institution its.
235,192,1,2026-02-19,Film education be spend concern it onto.
36,23,2,2024-10-30,High reason again half yard.
114,126,1,2024-12-18,Short friend whatever skin than stuff.
400,177,3,2026-02-24,Successful design network be himself meet begin.
192,172,4,2024-02-24,Maybe half surface.
337,91,2,2025-07-30,Traditional same challenge decision difficult.
369,14,5,2025-08-30,Professor sign public fear then room entire.
219,78,3,2025-04-14,Age view I parent that.
231,78,1,2025-03-16,Week whatever job sell technology information.
375,34,5,2024-05-20,Inside role station rich likely common.
475,66,2,2025-12-19,Work center reach case scene management firm.
449,29,2,2024-09-23,Prove our serve movie letter not.
6,19,5,2023-12-18,Perform enough culture level outside sort eat responsibility.
240,151,4,2024-08-17,Class probably decade series majority know yourself stop.
162,160,4,2023-12-28,Environment should institution who his garden.
236,117,4,2023-06-28,Glass war which.
109,24,5,2024-06-28,Suffer real conference number knowledge.
332,187,4,2025-02-03,Improve able born moment must country program.
280,71,4,2024-10-11,Enjoy court can possible Mr.
349,148,3,2025-12-08,Former must than both sell.
205,91,4,2025-06-20,Put medical wide nice agree me give care.
174,91,2,2025-06-07,Arrive president animal early.
53,57,4,2024-10-21,Edge office group environment send.
306,57,1,2024-12-03,Bring under probably with learn.
75,9,1,2024-02-11,Page statement election I.
331,199,1,2023-08-19,Career himself thank alone reflect.
106,112,2,2024-07-04,Win partner everyone democratic yourself serious.
223,75,2,2024-11-29,Series power television especially.
396,57,3,2025-04-08,Boy decade though kid ask people.
47,43,3,2025-06-19,House social rest build others body owner.
346,194,4,2026-02-05,Rest laugh make character.
11,41,1,2026-06-26,Husband remember teach audience could everything.
26,140,2,2026-04-11,Take interest impact use also sure.
417,131,1,2026-01-08,Rise deep own.
375,175,5,2024-10-01,View computer yard technology itself actually.
483,64,3,2024-08-08,Remain station he family.
21,193,5,2025-04-03,Experience air democratic radio force four economy.
483,27,5,2025-07-14,Over money garden family.
327,163,5,2025-08-14,Watch dark hundred everybody water board.
65,80,4,2024-02-28,Away quite within first for record many.
376,5,2,2024-05-02,Rise store their yet.
342,172,4,2025-07-13,Magazine almost size by.
491,48,5,2026-01-26,Above government example front particular section.
364,163,4,2024-09-01,Car save join suddenly center.
372,102,5,2024-12-09,Maintain series four care evidence issue writer.
142,178,4,2024-12-01,Difficult key cup as page tonight available.
64,78,5,2025-10-27,Respond guy have level.
440,99,2,2025-09-28,Baby term sing consumer affect carry buy.
253,113,5,2024-04-23,Fear appear whole form recognize modern.
37,128,5,2025-07-09,Everybody interest rate garden agree southern present father.
190,124,5,2024-10-22,High anything number long son.
173,66,4,2025-02-14,After store get reason out fly.
88,94,4,2025-09-19,Cover court stand say inside.
237,99,2,2025-12-02,Section including maybe use industry west.
299,124,3,2023-07-08,Such choice make bag weight.
272,130,2,2025-03-08,Call set have.
336,81,5,2024-04-10,Card leave cold carry serve.
14,98,1,2026-04-29,Maybe north Mr popular off research.
245,40,3,2024-06-16,Animal hundred figure while family woman.
476,187,1,2023-08-12,Organization mean exist attention.
488,180,3,2025-06-06,According would future quickly material no cultural maybe.
168,191,2,2025-09-26,Employee customer be along.
220,144,4,2024-09-19,Work offer high fast discuss.
18,59,1,2025-04-19,Up important me your.
148,86,3,2024-09-17,Environment how camera indeed play purpose reality establish.
465,160,5,2023-07-27,Mention piece baby include.
18,164,1,2024-08-25,Against past social civil dog room east all.
236,12,4,2024-08-02,Hair hundred win attack different interview across.
22,172,3,2023-12-21,Language seek those reason there voice.
109,86,2,2025-01-19,Budget color coach campaign single.
418,150,1,2025-10-01,Audience mouth stage.
388,141,5,2025-08-23,Compare structure nearly administration their relationship never.
365,144,1,2026-03-27,Open foot itself live whatever north.
264,9,2,2025-02-01,Send tend degree.
55,135,2,2025-03-05,Buy practice today.
284,27,1,2023-12-27,A hospital project yeah.
205,172,5,2024-07-23,Feel conference behind that.
237,125,3,2023-09-05,Miss tree though land she wide me.
131,43,1,2024-12-03,Husband score understand action avoid large he.
197,85,4,2025-10-18,Fire card reality wall order effort receive operation.
350,191,3,2024-01-14,Indeed board officer church.
411,94,5,2026-04-15,Then bank actually fine.
102,148,3,2023-07-25,Course strong spring much director paper.
322,169,1,2023-12-17,Food war bank describe.
494,26,3,2024-11-22,Western or physical compare.
9,175,4,2024-12-06,Either audience none hand off nation.
347,111,5,2026-02-09,Church idea its rest store score finish.
242,113,2,2024-01-09,Among ask military world.
67,189,5,2025-11-29,Movie continue thought be sport.
172,40,2,2023-10-28,Service state rise last.
112,13,3,2026-04-27,Stock pay positive beautiful mission each.
363,172,2,2026-02-12,Party their once serious yard.
20,86,1,2024-01-31,Model yet Congress leg art get.
458,32,4,2026-01-12,Election worry attack number like figure loss.
387,115,5,2026-05-17,Song region option strategy always other medical yeah.
390,92,5,2026-01-28,Say quite until.
38,51,3,2025-11-05,Admit degree wife.
341,112,5,2025-12-13,Establish book book official.
75,154,4,2025-05-23,Clear marriage good share accept single.
401,104,1,2024-05-21,Number tend consumer foot decision cultural Democrat.
124,188,4,2024-10-02,Series before member professional able major effort.
422,129,1,2024-05-23,Security structure computer away market everything.
307,62,1,2025-07-12,Treat condition size.
125,21,3,2024-10-20,Lay affect population participant sport impact full people.
49,139,5,2026-01-13,Its big ten trouble ball whole him.
23,163,3,2026-06-27,Cell meet century draw he.
333,53,4,2024-09-18,Case tell different several.
230,99,3,2025-02-12,Former hope long create your.
173,156,4,2024-11-14,Listen those fish inside address eight.
33,54,2,2025-09-05,Because paper not no name student catch.
11,193,3,2025-11-23,Chair government Republican reveal record.
273,160,2,2024-02-11,Treat close reason course finish.
201,138,3,2026-07-11,Job be course.
476,113,4,2024-03-19,Including price concern just clearly decade.
245,115,4,2023-08-12,Today buy management nor action yard board no.
84,189,3,2026-01-15,That easy major close fund whether.
27,117,2,2026-02-19,Sense pay rise generation usually travel tonight.
116,106,2,2025-06-28,Region culture another authority human method.
448,15,1,2026-05-26,Yourself vote mission service.
348,179,1,2025-10-15,Various bill relate she.
5,4,5,2026-03-17,Claim buy light focus my may production PM.
39,188,1,2024-08-09,Always daughter so million.
437,150,4,2026-02-20,Social better type know pay use play.
86,80,5,2023-11-01,Against Republican question future similar effect.
200,3,1,2025-03-09,Close coach beat owner arm candidate five some.
70,194,5,2024-11-10,Positive one report stage hair.
142,11,5,2025-08-12,Case suffer long not statement build environment.
21,145,3,2025-04-14,Hold brother discussion trial commercial dinner remain.
52,77,2,2025-12-01,Test understand large west fish message.
178,110,3,2026-06-30,Fish majority responsibility against nor Congress.
324,9,3,2023-12-27,Behind material small book recently network have determine.
435,123,3,2023-11-11,Their perhaps eat president.
150,166,3,2025-03-12,Big drug easy position international.
185,161,1,2023-08-03,Just rate including subject interview crime always.
366,194,1,2025-10-25,Action just card similar.
411,24,4,2025-06-24,Image bill mother amount officer break according.
314,70,1,2023-07-21,Piece might drive foreign various heart walk.
369,66,3,2024-01-14,East politics figure opportunity support attack.
122,185,5,2024-06-22,Skill along or city number let.
7,145,3,2024-01-21,Few hit care baby bill outside do raise.
136,97,3,2024-09-04,Set type in.
223,86,3,2023-12-26,Hope center about role approach chair figure.
80,27,5,2023-10-17,Second think very head.
500,40,1,2025-07-21,Hundred free resource power student relate.
336,131,2,2024-03-31,Fly expert tough parent skill bag action.
11,9,5,2025-07-21,Show court gas of local exist.
201,141,1,2024-10-26,Teacher create as floor establish heart tough.
142,111,2,2026-03-25,People benefit bad marriage little.
133,123,1,2024-01-29,Somebody kitchen concern talk heart rate major.
297,169,3,2023-12-10,Station reflect raise little store house.
204,79,4,2026-01-10,Bit prepare list check.
398,149,4,2024-04-11,Answer common necessary develop.
138,97,1,2026-06-25,Senior management moment degree major seven ever.
336,44,4,2023-11-29,Of involve type center.
447,77,4,2024-12-11,Property approach middle.
100,182,4,2025-05-11,Picture ready student read past almost military.
170,134,2,2024-01-30,Forward race with little.
247,80,2,2025-07-22,Scene involve small position compare western get.
176,19,5,2024-08-09,Similar ever suffer truth democratic.
443,160,1,2023-08-22,Road stage painting and happen.
153,148,5,2023-07-05,Language list style box report son move.
188,138,3,2023-12-01,Develop prevent president energy somebody.
33,123,5,2026-05-14,Population including whole site leg name.
316,21,1,2025-08-28,Laugh tonight and smile than participant no.
498,163,1,2023-11-24,Successful fine opportunity worry.
482,69,1,2024-05-23,Us government quite adult.
80,27,4,2023-09-04,Weight know child truth pay better.
49,166,2,2026-01-27,Reduce oil image fast avoid source.
270,74,2,2025-10-28,Mr clearly protect.
334,46,2,2024-11-25,Energy fact within organization father player.
486,124,2,2026-05-03,Animal international describe list.
398,75,2,2024-07-08,House although stage of raise new response authority.
43,56,5,2025-08-20,Clearly prepare memory go daughter picture.
256,85,4,2024-04-07,Reduce close because live.
222,135,3,2024-12-14,Edge lay film western.
223,194,3,2023-09-20,Behind them important yeah concern tend.
387,150,2,2023-11-20,Time list section.
138,35,3,2025-05-13,Suggest way hospital station attention.
180,28,5,2023-12-26,Lot campaign if clear oil wall.
17,164,1,2024-06-08,Again throw area according during determine believe.
41,140,1,2025-02-16,Book other all occur college international long.
414,59,1,2025-05-06,Beat exactly religious fly receive star summer.
354,108,2,2025-01-30,Health continue nearly.
188,30,5,2024-03-29,Ability subject hit clearly if paper artist.
259,155,2,2025-04-07,Official box determine scientist.
497,192,5,2026-03-28,Scene choose religious century bill.
359,13,1,2023-07-25,Least provide space.
406,81,4,2026-05-10,Us point usually much quality different campaign affect.
350,53,3,2025-08-28,Beyond take how understand serve sound.
488,124,2,2025-05-14,Able only camera effort close large.
427,131,5,2026-03-13,Than physical sound different similar go.
446,164,4,2024-11-04,Situation ask street total debate talk.
370,192,1,2023-10-21,My performance much want security.
65,95,4,2025-03-24,Note whole baby though write real.
66,20,3,2024-01-23,Fish dinner husband idea their through.
268,167,3,2025-12-04,Occur scientist I account style mention.
497,43,1,2025-09-08,Remember series wonder west human.
492,66,1,2023-12-16,Modern sister vote baby over learn.
98,156,1,2026-01-31,Professional herself property road leader there sort.
184,170,1,2024-08-02,Republican sense with step.
86,198,3,2025-12-22,Make image station no security.
255,46,2,2024-07-30,However year treatment coach all.
83,99,5,2025-11-28,Word stock minute just feeling other news.
243,136,4,2024-02-04,Accept public foreign company upon hit employee.
477,154,2,2024-03-01,Include late simply career.
259,175,3,2023-11-07,Improve receive clear agency available send support baby.
413,47,2,2025-09-15,Threat poor source provide loss other stay.
139,99,4,2024-04-17,Face too go teach project specific program stock.
272,129,1,2025-05-28,Mr tree exactly particularly game study.
337,166,2,2024-10-23,Style rock rise sell body.
398,77,3,2025-07-16,Peace tough sound enough central quality certainly.
481,174,5,2025-10-08,National citizen situation site a.
228,46,2,2025-03-16,Now back indicate wide thousand least south less.
156,147,5,2023-12-30,Go war fine price rest myself.
430,84,2,2024-02-21,Region house wife whose.
274,169,5,2025-06-09,Paper various open born page body.
20,197,5,2026-02-13,Town seat major fine dream shake address.
405,172,4,2024-03-30,Kind government pressure myself.
398,196,1,2023-08-15,Sister crime song service.
306,53,1,2025-04-24,Third low across loss.
249,45,4,2024-01-25,Wish could firm.
445,14,5,2025-05-17,Performance better tough matter medical modern.
191,64,5,2026-02-12,Process account evening each debate your court positive.
373,123,4,2024-09-05,Security fact open goal east fight remain.
396,129,5,2023-10-23,Stuff reveal or.
221,194,1,2026-02-07,Health how thank fall.
290,171,3,2025-06-16,Process entire most science person he common.
304,123,5,2026-02-21,Organization popular ever sea.
242,171,2,2025-01-30,Matter baby agreement product.
196,26,4,2024-08-08,Alone thus owner degree.
479,110,2,2024-05-04,Rich article than give identify individual.
237,25,2,2023-10-15,Budget do answer.
411,23,5,2025-05-21,Resource glass hit growth scene raise.
269,194,4,2024-12-19,Although respond stay head may.
298,136,3,2024-10-20,On seven day top camera indeed.
165,35,3,2024-09-13,Born them thought language set act senior.
102,117,4,2025-01-27,Sing would body.
36,177,5,2025-02-02,Condition sea brother share.
421,36,1,2023-08-21,Walk major around subject she reveal stand.
102,68,3,2024-02-21,Factor eye audience any example man wide.
120,168,1,2024-03-09,Card field yard voice situation collection according shake.
352,63,1,2025-01-22,White first break your.
206,179,4,2025-09-08,Southern similar book hot structure soon.
298,3,1,2025-02-02,Health story region teacher.
201,6,1,2025-01-27,Memory necessary general high exactly trip become.
185,26,5,2024-03-28,Pass PM rest mention artist notice.
181,48,4,2025-11-24,Kid his which site stuff police artist.
440,86,4,2025-09-07,That sit church quite.
197,62,2,2025-10-25,Second kitchen certainly factor explain benefit.
388,128,4,2025-11-15,Probably everybody religious quality life.
266,113,5,2026-06-18,Painting side push movement difference everyone alone.
196,43,2,2025-06-25,Evening firm summer cup issue near ask.
49,33,2,2025-05-23,Model kid quickly.
387,124,5,2025-09-23,Fish high product protect water fund.
208,176,5,2024-01-20,Card work authority life bag instead.
404,5,2,2023-12-04,Season toward listen some baby.
96,8,1,2024-01-11,Country collection officer home necessary board.
212,150,3,2024-10-15,Theory artist environmental whatever clear page.
370,142,1,2025-06-01,Job work road it hold.
436,126,3,2026-01-19,Factor upon single suggest green.
222,32,5,2024-01-13,Life minute watch.
326,57,4,2026-06-21,Administration state beat rate occur.
374,153,1,2026-03-28,Hotel else seven subject also music.
320,182,3,2026-06-13,Start law strategy total.
38,197,4,2025-02-10,Sure likely half matter.
117,104,5,2024-11-21,Foreign Democrat actually include gun heavy.
75,179,3,2025-03-29,Try skin military billion south activity describe another.
114,125,4,2023-10-01,Author establish significant enough opportunity very water.
486,95,2,2026-02-28,Star reduce piece shake improve.
400,109,2,2024-11-05,Man surface thought report subject for.
355,197,4,2025-04-07,Organization bag respond we.
462,14,5,2025-03-09,Help region become able player simply.
425,80,4,2025-03-26,Serve on senior try matter.
299,12,2,2023-08-27,Eye material prove.
390,110,5,2023-08-11,Performance everyone specific member.
186,117,5,2024-06-12,Green miss physical main.
460,46,4,2026-04-28,Eight effort avoid wait campaign son.
165,4,5,2024-02-21,Step economy car street sit carry.
226,75,1,2025-11-14,Western information sit body.
225,194,4,2023-10-29,Respond teach their check.
352,46,1,2024-09-06,Wall author home community audience.
265,18,1,2024-02-08,Learn money street his with crime.
164,148,1,2026-02-28,Player tonight state especially.
58,127,2,2023-10-03,Local experience remain them modern according plan read.
413,43,2,2025-07-27,Return unit west song.
455,99,3,2026-01-11,On former next report minute.
321,118,4,2024-12-19,Ok image understand table man.
149,3,1,2024-05-23,Take last data group and.
469,177,1,2026-04-29,Whose her agency whole life water happen.
132,57,3,2024-07-01,Gas economy expert.
302,158,4,2024-05-05,Could for with word response.
95,158,5,2025-08-10,Big make number medical structure.
6,142,4,2025-11-25,Ground economic office case eat second.
296,152,4,2025-02-26,Own finally star technology.
6,116,2,2024-11-16,Above official even conference control something.
303,51,1,2026-05-28,Mrs sure increase simple voice phone.
247,188,1,2024-04-25,Through page Mr everybody form.
360,79,5,2026-03-17,Until people technology check meeting specific.
292,21,2,2025-03-22,Design area which family site beautiful.
67,54,2,2024-10-19,Parent source here put some practice.
174,178,2,2024-09-21,Break head heavy simply.
257,113,5,2023-10-17,Tonight quality city ok true form.
436,148,2,2025-08-19,Realize child scene statement former clear.
230,100,1,2024-08-08,Choose lead within idea skin where let more.
6,185,5,2026-02-24,Make after quickly far box become.
322,163,5,2024-12-18,North war budget win.
469,12,3,2024-11-13,Board door girl against matter discuss.
454,18,2,2025-06-24,Strategy open career life tell listen.
63,146,2,2025-05-11,Billion best game out.
32,71,4,2024-10-10,Store nature create security.
290,171,2,2024-11-05,Bad factor determine speech road.
146,195,3,2024-09-29,Unit cover president wait billion city apply indeed.
498,151,3,2025-05-06,Player door might page son particularly hair young.
296,113,4,2026-01-27,Whose project energy choose assume stop collection.
301,62,4,2024-06-08,Fight necessary hair often practice writer.
415,57,4,2026-04-20,International word we off as almost listen professor.
125,156,4,2024-06-07,Particularly anything thought believe former.
197,44,5,2026-03-10,Character store already hot.
390,147,5,2025-05-16,Most seem such wind coach feel apply.
153,99,4,2023-07-15,Better either medical computer itself state eat.
113,2,2,2025-02-07,Interesting we loss young.
54,158,2,2023-09-12,Operation station let value involve.
2,179,2,2025-09-20,Do recognize perhaps successful continue.
313,146,2,2024-09-06,Store too significant.
180,49,2,2026-07-15,Mission rate many lead trial final.
282,36,1,2025-04-06,Travel moment understand.
80,35,5,2024-01-20,Want seat respond particularly public.
350,26,5,2024-11-22,Dog assume space fall opportunity.
370,111,4,2023-09-14,Per century bill individual.
214,151,2,2024-02-04,Run government require specific note same participant a.
355,155,2,2024-02-22,Fear guess cup modern fact stay mouth.
291,25,2,2026-07-15,Store finish candidate hospital protect.
179,62,5,2026-02-25,Report explain adult close six.
339,14,5,2026-04-23,Defense idea quickly upon local talk attack statement.
311,111,1,2024-07-09,Fast line single however perform.
69,36,3,2026-06-22,Anyone meet each dark page start.
448,1,4,2025-07-17,Benefit family image.
35,198,4,2023-11-19,Visit bill near.
356,16,3,2024-01-03,Style raise bed.
248,147,1,2024-03-23,Next live oil.
499,150,3,2024-04-17,North summer view score foot across begin.
33,179,4,2025-07-14,Specific notice score decade shoulder.
1,7,3,2026-06-27,Hotel item design eat bag.
481,106,5,2025-04-08,Risk candidate again bar.
87,193,4,2024-09-04,Despite focus cold camera wish.
386,40,4,2025-12-28,Listen yourself general.
228,99,5,2025-11-27,Day reveal avoid.
372,64,3,2025-07-12,Window continue month agency bring where.
82,183,3,2024-09-24,Something nature indeed church.
345,156,3,2026-01-13,But someone medical identify person last.
409,117,1,2025-11-18,Analysis free reality positive.
188,161,3,2024-03-02,Sport bag ability similar join factor debate either.
216,5,2,2023-08-09,Although soon improve oil building theory difficult.
120,152,3,2024-03-17,Drug opportunity action foot child.
448,117,1,2024-07-24,Trial offer mother successful style year.
159,96,1,2024-03-07,Human wonder under professor business interesting land change.
205,14,5,2024-08-26,Always because spend industry radio I trip later.
475,95,2,2026-05-30,Control baby ok politics his.
92,75,1,2025-12-06,Executive join send think.
376,183,5,2024-09-22,Make action who reflect most budget year.
79,171,3,2024-12-13,Grow better quality tell.
53,57,1,2024-03-01,Stage various since friend check less both first.
222,8,5,2025-02-25,Respond perhaps which story staff the statement.
347,186,3,2024-10-12,Anyone floor student during what economic.
206,26,3,2025-11-25,Work feel boy response feel popular.
237,86,5,2023-11-29,Direction read population story although cause truth parent.
459,127,4,2025-11-22,Site suddenly this nature simply alone.
111,40,1,2026-02-12,Radio friend ground its heavy agree.
466,197,4,2023-11-21,Word better partner add.
232,17,3,2026-06-03,Should force news role.
237,164,4,2025-05-18,Reality poor other customer cost.
85,157,5,2025-05-10,Eat with sometimes along interest job area.
289,71,1,2024-10-04,While early protect strong.
282,37,4,2026-02-18,Understand still evening look positive.
170,80,2,2024-09-02,Agent could clearly certain then to discussion.
483,127,3,2024-07-24,Speech rather loss car suffer.
120,25,2,2026-05-05,Message ready game position light member board.
205,80,4,2026-06-20,Argue beautiful TV industry.
454,18,1,2023-12-31,Officer among thought.
132,79,1,2023-11-28,Measure their rock Republican.
196,63,5,2023-08-20,Step left institution attention simply crime deal stay.
303,51,4,2025-03-27,Result movement sing eye.
367,75,2,2024-03-05,Dinner top certainly whether such seven.
429,49,5,2025-05-24,Him protect adult close.
63,128,2,2024-03-09,Daughter win career less successful type series off.
452,109,1,2025-08-14,Try film crime whole science cut building.
432,80,3,2025-11-30,Rise you member military popular perhaps.
419,166,2,2024-01-10,Hundred enter part along.
53,158,1,2024-11-08,Guess cup act argue.
491,159,3,2024-12-04,Democrat his write environment authority traditional until.
445,181,2,2025-08-18,Lose born action.
418,84,2,2026-01-26,Know win face lead.
193,70,2,2025-12-17,Fight probably someone wife high.
2,153,5,2024-06-09,Modern I then color water leg not able.
334,182,5,2025-10-26,Employee possible alone school officer.
248,92,3,2025-01-06,North source direction plan know.
308,26,3,2025-01-18,Must reduce present agent four.
67,38,3,2025-11-06,We particular low establish none.
405,155,5,2026-04-05,Become girl indicate cost four check.
115,148,4,2024-09-25,Be may tree perhaps player off bring.
34,112,5,2024-08-03,Effort ago cause hit.
115,9,4,2025-08-10,Public behavior my character ground yeah create.
207,45,4,2025-11-04,Approach control do debate ever just.
123,200,1,2024-09-18,Wall south surface four key him situation imagine.
469,12,2,2023-11-01,Check production serious none above heart.
34,45,2,2024-04-14,Then speak from budget action play.
138,62,2,2024-01-14,Language interesting somebody despite board prevent attention.
94,193,2,2026-01-25,When quality treatment now pattern article add.
442,80,4,2024-10-11,Leg course oil.
211,31,1,2025-03-14,Find agency drug civil surface.
283,16,1,2024-12-07,Street staff some different professor manage.
452,124,4,2025-11-04,Treat stay bring if price.
56,198,4,2024-03-28,Lead herself which carry finish knowledge write.
1,30,4,2025-09-11,Reason clear kitchen onto year.
434,167,2,2026-02-16,Not level film show could.
344,60,2,2026-06-21,Body western or.
300,174,4,2023-12-06,Two place father rule language crime wish.
285,45,5,2024-07-03,Table perhaps might source admit thousand positive where.
28,82,3,2023-11-19,Or close according reality strategy fact.
62,13,2,2025-09-19,Level state above these site image.
193,83,1,2024-04-28,Other large down the cup anyone near.
500,129,1,2026-04-22,Past order field present three firm account.
220,53,2,2023-10-13,Hotel question civil magazine.
220,66,5,2025-03-22,Analysis fine leader mouth check box.
331,3,5,2026-06-23,Yes their same person professional government campaign.
345,79,2,2025-09-01,Newspaper long face political writer news.
380,90,3,2023-07-28,Only near investment company raise loss local world.
493,160,2,2025-10-14,Hand chance language inside agency culture.
365,166,2,2026-06-28,Another partner accept bit turn affect.
321,28,4,2025-07-15,Across trouble before poor magazine.
363,60,5,2025-04-14,Whatever look letter one just.
156,35,5,2023-07-13,Officer loss capital campaign.
422,64,5,2026-05-20,Under among military ok drop.
65,175,5,2025-06-11,Carry cup when second.
193,54,1,2026-02-04,Imagine should large result this.
364,105,4,2023-07-23,Those onto foreign.
364,172,5,2025-01-29,Prepare identify lawyer set church speak.
319,190,2,2025-12-22,Figure already Mrs piece center seat.
148,71,5,2025-02-20,Clear tree school.
498,105,3,2025-05-07,Box cup save able art author reduce occur.
160,5,2,2025-08-05,Interview animal color last current.
10,90,1,2023-12-21,Bank town to it produce behind.
483,94,4,2024-01-31,World business sound though stage forward.
448,10,3,2026-03-07,Throughout take responsibility.
313,152,4,2023-11-28,Particularly away into claim campaign expect focus.
45,195,3,2024-08-06,Even lawyer each.
127,48,2,2026-06-13,Fish stock ground not action first.
244,179,2,2023-11-23,Specific another remain executive phone market.
63,141,4,2026-04-28,White discussion business down no news.
250,106,1,2025-12-05,Reach behavior develop she least.
404,13,2,2024-07-15,Adult exactly appear make a loss.
152,149,2,2025-09-06,Apply child recognize director mean actually.
209,192,4,2024-06-14,That modern owner statement.
65,122,3,2026-03-14,Point thing could plan after.
416,26,1,2026-07-07,Somebody only off ground activity return cost.
406,92,3,2024-03-19,Man no sell look car everyone subject.
96,78,3,2026-02-15,Citizen piece democratic result environmental left born quite.
206,31,1,2024-12-20,Others eye sport former state major Republican.
435,140,4,2024-01-14,Catch past show ability.
169,85,4,2024-12-02,Travel surface certainly so door too ahead.
494,96,1,2023-08-17,Because go beautiful.
6,133,2,2025-04-14,Themselves describe doctor vote.
111,16,5,2024-12-16,Clearly true others record anything owner place.
308,95,5,2024-06-22,Class idea many sell.
212,179,5,2023-09-22,Risk plan cause learn light keep pay.
410,174,2,2025-11-14,Change exactly be mission key.
285,32,4,2024-09-13,Of energy nature commercial.
221,15,3,2026-03-22,Carry thing entire prove team cultural law thus.
488,183,3,2025-12-23,Strong out doctor future suffer season.
439,101,4,2023-11-22,Able care risk paper.
380,116,1,2026-06-09,Home present per.
375,55,3,2025-04-24,Yeah like seem someone thought reach hit.
304,112,2,2024-08-28,Behind where research above.
167,121,4,2025-09-11,Ready positive believe difficult.
366,149,2,2025-07-14,Perhaps professor laugh same.
367,123,1,2026-06-24,Event value use house.
457,95,4,2026-06-25,Through fish main crime director.
6,199,2,2025-01-23,Mother deep type fight wife.
40,187,5,2025-02-12,Wall detail attorney song.
190,128,1,2025-01-14,Mission responsibility yourself avoid yard cold.
470,43,4,2025-07-16,Dark modern including campaign cup somebody gas book.
495,139,4,2024-10-07,Mind time take most.
34,44,4,2024-03-29,Themselves door career could hospital act cause.
42,88,4,2024-06-28,Apply nor paper Republican feel southern nature.
61,53,4,2024-10-25,Contain picture loss focus mind somebody these travel.
99,123,1,2026-06-17,Either type tonight economic.
349,148,2,2025-04-12,Find week yes similar although represent school red.
455,99,2,2025-06-29,Generation dream president car national become word source.
352,200,4,2026-04-10,Season expert administration give left camera.
473,172,1,2026-01-05,End whatever fund investment word goal issue.
89,16,2,2026-03-11,After appear a crime.
393,117,1,2023-12-27,Democrat fine at them.
450,180,4,2023-11-05,Five if amount.
13,137,1,2025-11-09,Produce so return half continue very.
131,67,5,2025-07-31,Before join remember poor chance way meeting same.
291,152,4,2026-01-03,Cost beyond same perhaps recognize.
274,9,2,2024-05-02,Certainly traditional town from spring whose.
295,142,5,2026-03-06,There pressure particular buy course result.
152,44,1,2025-08-21,Forget suffer instead.
125,34,3,2025-01-27,Soon buy product spend collection surface chair.
106,25,2,2023-10-21,Commercial and stop baby like finally hold.
305,71,2,2025-05-02,Character reduce weight.
437,189,4,2025-03-08,Because change room tax amount attack.
197,176,2,2025-02-01,Similar certainly a describe our.
344,188,3,2023-07-16,Eight shoulder note couple foreign.
440,19,2,2025-10-21,Star add know others.
385,71,3,2024-07-08,Range trouble activity world.
270,63,1,2023-10-21,Create necessary go enough side to control development.
265,123,4,2025-11-30,Represent court cover everything.
467,172,1,2026-01-14,Surface peace almost long.
137,160,1,2024-03-18,Hear maintain else anyone big customer figure.
430,95,3,2025-03-05,Full born team home interest statement.
27,54,2,2024-12-13,Key throw nice.
485,40,4,2023-07-27,Open none TV keep away language money.
18,36,1,2023-12-30,Degree within present street order.
59,140,4,2026-02-09,His subject themselves hold field thank site.
103,54,4,2025-01-09,Within mother staff.
450,123,5,2025-01-20,To these board really wait need.
270,105,1,2025-12-23,Hope suggest data including.
183,195,3,2026-01-10,His environment against shoulder policy ball offer.
321,139,4,2026-03-10,Child firm method half man keep fact.
217,116,2,2025-07-18,Woman person hot newspaper particularly rock food.
93,143,4,2024-08-03,Analysis win effect the action recent officer.
11,71,3,2026-05-04,Vote enter population nature former once they.
462,26,1,2025-11-26,Fall seven beautiful tell series.
286,75,3,2025-11-23,Deal film miss light candidate.
407,192,2,2025-06-26,Grow poor store bill per step.
177,177,4,2026-03-17,Human realize interest suggest ball not although staff.
141,30,1,2024-06-15,Capital million great store into training.
211,169,4,2023-08-27,Green war resource she sing that.
33,45,2,2025-12-05,Sign alone cultural nothing little me.
166,111,3,2025-05-25,Deal power onto exist nor six.
94,43,5,2024-02-17,On choice play until increase herself point.
135,133,3,2024-01-31,Expert military hand again side walk early.
427,75,3,2025-05-25,Main model add but decide ability three rule.
351,146,1,2024-01-25,Away blue police meet.
10,196,3,2024-09-30,Happen indeed section concern that yet recently.
401,45,2,2024-02-16,Other star if may.
121,35,5,2025-08-31,Create class read.
155,99,3,2025-10-02,General rule model popular.
292,75,5,2025-10-02,Bill case role most accept letter.
18,15,1,2024-05-16,Right social product just behind side trade.
391,149,3,2024-04-09,Worry generation most difficult.
339,14,2,2023-07-04,Source be democratic.
291,150,3,2024-03-02,Response like oil hope picture big usually news.
479,113,3,2026-05-25,Happy here west travel up level.
317,113,4,2024-05-31,Human available whom.
209,192,3,2025-12-28,Guy hot door cell far get.
339,176,2,2023-12-18,Your generation sit surface consumer give understand conference.
129,3,4,2026-03-12,Somebody though meet phone stuff role especially.
405,69,1,2024-07-01,Charge physical agreement.
160,177,1,2026-06-22,Even loss effort agreement product number.
132,175,1,2025-10-21,Whole try card food think determine clear.
292,82,3,2026-04-05,Left nature value specific against on attorney arrive.
74,179,2,2025-10-22,Station threat cause dream.
48,128,4,2025-05-20,Fly officer decide.
343,44,5,2024-02-13,Ever local social church girl simply.
32,103,4,2025-01-27,To buy must senior protect bag education.
474,30,2,2023-12-07,Check upon everyone produce development.
84,5,1,2025-09-19,Forget million probably still song none unit worker.
423,176,3,2025-08-12,Care center none property relationship.
467,161,2,2026-01-26,Friend teacher society better letter level.
439,50,3,2025-02-04,Organization study former from cost.
384,134,1,2023-07-25,Leave left quite sometimes practice western continue election.
256,87,2,2025-07-05,Until bank wish light.
1,121,5,2024-02-05,Food dog size special serious attorney mission age.
5,178,4,2024-03-30,Listen PM employee later wish happy.
491,194,4,2026-03-27,Song morning society job property them.
209,112,2,2023-09-20,Campaign Mr specific century attention.
334,187,2,2023-06-29,Heavy himself point control very put.
15,58,5,2024-07-21,Night carry country tax new them care environment.
480,90,5,2026-03-30,Crime administration stock.
327,5,5,2023-12-30,Human trial item contain may several American.
359,164,3,2023-11-23,Message process view late mean seven or.
445,75,4,2024-09-18,Back owner special travel outside.
430,166,1,2023-07-04,Improve partner born all.
342,45,5,2025-09-08,Night all fall accept.
215,195,3,2024-03-06,From improve mind.
94,29,4,2026-01-06,I class condition.
479,185,3,2025-06-03,Still great agency tough parent them hit.
483,16,1,2023-09-18,Simple growth feel strong pretty person.
133,106,4,2025-02-10,Drug seat letter billion.
33,11,2,2023-09-28,Class with report.
491,46,3,2026-03-12,Need reality east cost citizen investment onto.
83,71,1,2026-01-04,Best them ability image pay sometimes here stay.
231,124,5,2023-09-18,Spring tax above should type note.
228,23,1,2024-11-02,Son school hair person material poor.
387,47,5,2024-08-28,Wish system middle wide class.
466,36,3,2024-04-19,Worker gun bag say knowledge.
290,47,2,2025-10-25,Describe strong lose wife total position.
2,118,1,2024-04-06,Building idea across eight require box.
68,193,3,2025-02-03,Network course join trip actually action summer character.
61,97,4,2025-01-11,Continue cause soldier no reveal.
486,153,4,2023-11-27,Person arrive feel pattern structure.
294,121,1,2025-04-18,Term drive design sense similar industry.
382,89,5,2024-12-03,Happy imagine personal lot mind prepare small.
356,152,1,2026-02-03,Mention sort exist part.
3,121,1,2023-11-17,Sing trip reduce management full including.
13,9,1,2024-07-04,Probably rock century inside chance.
368,77,2,2025-06-20,Mind least difficult both.
195,122,5,2023-10-08,Someone wrong thought citizen.
145,6,1,2024-11-26,Maintain country chance learn.
107,11,4,2024-08-05,Million significant million say range language.
443,183,1,2026-04-13,Economic rather fire every clear yet lead color.
387,16,1,2023-08-26,Series analysis instead party simple sort state only.
465,155,5,2025-06-16,Purpose require go usually travel tough break.
400,124,5,2024-04-24,Center baby catch identify focus design board.
253,60,2,2025-06-07,Rise note a hear again never.
308,76,5,2024-10-21,Senior in important.
128,75,1,2024-11-12,Forget because eight arm report develop.
337,16,1,2023-10-16,Second significant huge meet campaign.
324,14,1,2023-10-31,Upon poor commercial.
355,166,1,2025-02-20,Believe something statement sometimes machine plant oil.
176,123,2,2026-03-26,Support would take current culture.
159,5,1,2023-12-18,Senior there attention heart visit.
113,193,5,2025-07-12,Guess early attention provide school commercial.
204,3,2,2023-08-21,Garden raise garden while hit yeah.
277,45,4,2025-05-09,Her bank enter letter interesting read.
404,47,1,2025-04-09,War too still performance hope full section.
337,173,4,2023-11-01,Toward lay size he cold.
449,111,4,2025-03-23,Add left nation happen.
459,11,2,2023-08-16,East feeling table attack.
291,190,4,2025-11-28,Police story notice continue.
232,12,3,2024-12-12,Reason spend color standard color poor.
280,177,1,2025-05-26,About property kid.
125,187,4,2025-07-11,Sell hope reason woman.
229,44,2,2026-03-31,Policy discuss data garden heavy hit first.
469,14,2,2025-01-06,East significant science wife for relate.
254,11,5,2025-12-10,Important result debate reveal.
61,198,2,2024-11-11,Health lose almost.
328,145,3,2025-07-23,Fall poor rich goal vote mind only.
300,156,4,2026-01-03,Rule eye Congress better never.
178,73,4,2025-08-05,Adult interest purpose business training second him message.
60,134,5,2026-02-27,Sense surface opportunity two audience at trade.
78,149,3,2024-11-13,Maintain learn week information subject recent old.
72,43,1,2025-10-18,Create little carry book.
414,64,1,2025-11-06,Later practice yourself purpose act approach other.
254,168,3,2024-04-12,Doctor determine lay role finish six.
14,163,2,2025-11-19,Place money to build information value happen.
42,65,5,2025-02-18,Know opportunity expert edge among right their.
457,57,1,2025-07-24,Each heart perform if.
225,72,5,2024-04-19,South PM trade although turn.
182,139,2,2024-08-22,Movement data evening man ever dark.
347,187,5,2026-06-04,Free available develop.
50,187,3,2024-01-28,Life which defense may.
179,101,5,2025-08-17,Put become role consumer such article.
75,32,1,2023-12-28,Man medical yes money.
370,126,1,2025-12-13,Ready despite old alone ball share.
358,154,2,2024-10-13,From hear need religious focus.
387,8,1,2025-07-31,Into then hand occur bed once drive.
493,178,1,2025-09-08,War outside protect issue.
378,54,1,2026-03-23,By life kind large.
102,119,1,2023-11-14,Expert action drop effort voice writer deep day.
241,63,1,2024-05-11,Sell read challenge back support scientist sure.
422,127,2,2026-05-18,And political run both consider likely.
323,41,3,2024-01-03,It local sure rate however.
188,139,4,2024-08-12,Bring effort discover institution.
227,43,3,2024-03-18,Red by boy final lose civil.
404,85,1,2025-09-14,Watch head rock old.
301,176,5,2026-03-06,Bed particularly early down.
113,78,4,2026-01-16,Rule second during themselves mouth item compare.
488,154,2,2025-06-07,Consumer television wrong standard bad black.
76,170,2,2023-08-16,Half peace each break memory.
346,123,3,2026-02-09,Final purpose partner against.
342,74,5,2025-07-26,Growth prove little.
57,154,3,2025-03-19,Western TV throughout prepare own return feel.
15,126,5,2025-03-10,Speak single order wall test.
199,62,2,2026-05-02,Other begin until key doctor effect enough.
118,12,4,2024-03-01,Head phone note always science not.
146,139,4,2025-10-04,Nation stop note light site.
80,198,5,2025-04-27,Everybody would address part.
270,19,2,2024-12-01,Place only your return born Democrat.
368,188,4,2026-03-04,Central time key.
464,146,3,2025-09-11,Worry where short teach home work.
83,66,2,2023-11-14,Catch week build poor budget.
412,97,2,2024-01-27,Economy want daughter.
23,40,1,2024-08-05,Blood last not least their fly single.
146,94,1,2025-12-25,Dream every report everything next protect cause.
401,169,3,2025-09-10,Move game line car.
97,45,5,2023-10-21,To different important.
366,152,5,2024-11-23,Argue blue of.
54,13,2,2025-08-17,Bar attorney vote fill small.
374,193,3,2026-05-08,Society fast range if around successful.
230,119,4,2024-04-20,Require position deal example full remember.
259,166,1,2025-03-04,Save through court large peace newspaper rich.
462,72,2,2025-07-29,Expect environmental executive single area sure.
252,131,5,2025-07-10,Three talk approach occur indicate.
407,25,3,2025-02-02,Indeed support house phone message choose I.
370,64,2,2023-11-28,Experience local especially dinner heart young.
378,200,2,2025-08-14,Responsibility quality win move pattern writer hour.
243,43,4,2024-04-21,Would pay ball perform camera agreement strategy.
314,106,5,2025-09-07,Amount talk arrive effect rest agree.
429,69,3,2023-11-30,Authority environment only spring.
305,129,3,2023-12-24,West over project off positive middle.
142,113,2,2025-07-26,Half someone generation pattern worker.
234,94,3,2024-02-11,Later him particularly turn soldier.
496,129,3,2025-04-22,Adult go see avoid price everyone.
413,87,2,2023-10-29,Cultural according success opportunity.
168,149,1,2024-08-20,Adult too happy protect lay practice.
253,156,5,2025-04-13,Body no address product fast school close.
389,131,3,2025-10-14,Bar result performance over effort employee from.
290,162,1,2026-05-06,Shoulder challenge meet morning every.
23,145,2,2024-10-15,Who level open old chance lose.
370,126,1,2026-06-05,Top southern necessary nice purpose American decision.
279,53,3,2025-02-18,Pay set enjoy stand present run.
311,81,5,2024-06-17,Little include believe until.
184,97,1,2023-08-21,Employee first seem find discover painting state.
365,51,3,2024-11-03,Think situation word perform cover around.
319,111,1,2026-02-04,Concern war wonder how meet both rate.
87,35,5,2026-02-20,Quite because forget ball all line little.
212,31,3,2026-05-31,We business city current beyond right send.
390,95,5,2023-11-10,Else attention I purpose act.
484,85,1,2025-03-21,Side memory perform wonder with teacher.
94,23,5,2024-04-08,Ten very maybe summer.
97,27,5,2025-05-10,While all their.
389,43,1,2026-01-11,Treatment single worker doctor them.
153,40,2,2023-10-24,Indicate accept can vote.
21,62,1,2024-07-16,Home assume just start hour.
461,78,1,2024-04-10,Enter them business interview kid.
137,156,1,2026-02-13,Real pattern yes character card key.
48,76,4,2024-08-10,Their guess require.
330,80,2,2026-05-26,Father themselves north star wonder.
482,105,2,2024-11-29,Pm us court market station.
335,120,1,2024-10-15,Decide foreign claim.
486,80,4,2025-08-08,Pull opportunity risk news ask under.
25,128,5,2024-10-10,Relationship market for career.
84,78,5,2024-10-22,Win develop price walk.
184,94,1,2023-08-29,Single story almost very whether.
127,148,5,2026-07-11,Him surface alone hospital.
42,110,3,2025-04-24,Eight relate pick voice city national.
219,71,1,2023-12-17,Level everyone enter her smile eye.
152,149,4,2025-06-18,Describe can hard beyond much that class say.
387,164,3,2026-01-02,Laugh phone sea bank better edge.
322,154,5,2024-05-05,Choose source special difference task situation forget politics.
423,174,3,2025-05-17,Produce perform music show center dog.
208,97,4,2025-04-15,Agree interesting series well star.
494,1,5,2026-01-26,Movement and build store like exist leg.
350,183,4,2023-07-31,Phone continue church five again manage list any.
111,85,3,2024-04-28,Only score region rest over same.
232,1,2,2024-09-05,So wide second push although.
435,29,1,2025-04-02,Note reach maybe explain ever.
324,106,3,2026-05-20,Program better manager.
179,82,1,2026-05-10,Rather age water late ready attention service.
56,129,5,2024-04-03,Describe either walk color stock single.
223,66,5,2025-11-20,Arm different size true night hotel beautiful.
239,50,4,2024-08-21,Between building board environmental onto far increase people.
403,101,2,2025-08-26,Some human director ground challenge senior.
96,78,3,2023-07-22,Enter perhaps actually century.
181,59,1,2024-01-07,Out should feeling operation relationship.
431,9,2,2026-07-07,Side box consider town activity finish risk blue.
309,155,1,2024-12-11,Five small lead laugh.
271,128,1,2023-10-30,Rest threat town benefit go official.
481,172,2,2024-06-28,Population parent girl education again.
339,71,3,2024-01-30,Discuss especially bring remember home almost price.
465,174,4,2024-04-24,Mr enjoy better successful thought whose tree campaign.
252,185,4,2024-08-09,Action project move produce phone parent.
208,106,2,2024-04-05,Model level above city.
427,18,1,2025-10-13,Wait find make suggest since threat.
16,21,2,2025-09-04,Star north language.
348,150,1,2025-03-14,Step win case despite discover bad arm.
471,129,2,2023-08-12,Effort wind form goal information ability.
468,30,5,2024-06-30,Society hundred face could behind those run.
460,21,5,2025-11-16,Interest blue out data nor heavy.
464,28,5,2025-07-01,Color industry several southern interview.
476,19,4,2023-09-06,Technology above hope spring.
48,111,5,2025-01-17,Example certain likely common maybe can image.
467,9,5,2023-08-31,Value surface industry decide program study him.
254,66,5,2026-05-07,Entire voice central suddenly color.
228,129,5,2023-09-06,Large catch page deal world.
158,22,4,2026-05-22,Wish seek skin walk determine on agent bill.
455,185,2,2023-10-03,Off peace mind century.
177,141,1,2025-11-07,Outside especially week already assume amount.
439,81,5,2025-08-30,Vote economy design argue.
178,140,5,2023-08-20,Mention seven wonder state.
380,79,2,2025-12-16,Lose bank yet institution form traditional light.
200,16,3,2026-06-22,Rise series writer soldier dream north take.
218,187,5,2025-09-20,Serve that I enough special know.
80,196,4,2026-02-01,Woman little produce their film wall seem.
266,177,3,2024-08-01,Strategy bar yes grow anything born forget.
194,195,3,2025-12-07,New oil move director.
369,88,5,2025-11-23,Really news star up war chair.
251,47,2,2025-11-13,Above tend our need age.
170,133,4,2025-07-17,Certain box save remain arm age performance.
189,166,2,2025-11-03,Agreement determine enter girl exactly read.
126,192,3,2025-10-07,High society not.
70,56,1,2026-02-06,Sure where heart military significant do.
326,51,4,2026-03-01,Ten against kind support college reduce.
98,71,1,2024-02-06,Prove central use outside cause opportunity next.
64,177,2,2024-02-26,Phone dark always here role.
80,166,5,2023-09-21,Low good next training.
196,147,3,2024-08-20,Small prepare quality available.
250,1,3,2024-05-15,Fear letter laugh fly whether.
390,64,5,2024-11-30,No section practice similar feel attorney between.
329,45,1,2025-03-22,Ability thus industry.
34,153,3,2024-06-17,Key young include age series value.
8,78,3,2025-03-09,Save western throw growth interview scientist no authority.
263,124,4,2025-08-23,Take follow might well.
188,17,5,2026-06-26,Weight discuss outside car owner.
176,128,5,2025-09-24,What which response operation art blue specific.
421,188,1,2024-09-30,Share pay statement significant.
74,2,5,2023-11-16,Return usually fly.
468,5,5,2024-12-18,Check rise group throughout.
299,122,2,2025-01-15,Always relate under stand.
500,178,3,2025-03-16,I which race campaign son others condition campaign.
374,58,3,2026-02-06,Hotel house need before.
186,181,4,2026-03-16,Level again born talk.
377,140,3,2024-03-10,Know trouble mission culture view.
243,98,4,2024-05-24,Show message alone dinner international where often Mrs.
351,113,3,2024-08-18,Prove attorney sing painting lawyer adult nation.
401,40,5,2023-08-24,Nothing nature star someone require someone quickly.
390,110,3,2024-10-12,Report section we something prepare question.
295,90,4,2023-08-06,Student leader election beyond past performance save.
62,40,2,2024-07-01,Morning college scene reality.
345,186,5,2025-12-16,Leave child teacher often moment goal certainly.
146,106,3,2025-01-24,Together operation news difference.
185,19,5,2025-05-30,Peace world attorney almost project source woman.
334,124,1,2025-08-24,Successful direction authority leave especially.
3,42,1,2026-06-16,Wide hair trial personal Republican tend.
311,127,1,2024-10-30,Benefit federal foreign deal series movie owner account.
111,92,4,2024-05-10,Person religious vote society break medical boy.
4,190,1,2025-08-01,Bag bed impact law anything our.
263,25,1,2023-07-30,Tv rest learn high popular air.
70,138,1,2025-08-19,Present day song of be.
13,31,3,2026-06-10,And realize cold lawyer significant either design.
187,131,2,2024-01-03,Wind dinner career too may.
189,164,3,2026-03-11,Note too own apply deep police.
386,141,1,2026-06-16,Mother bank economy.
496,141,5,2024-03-15,Technology family piece through sometimes feel structure ground.
438,123,1,2023-08-07,Financial difficult despite.
90,16,5,2024-06-24,Baby place Mr that goal quality might.
83,125,4,2025-06-01,Similar phone show protect pattern serious.
418,86,5,2025-04-17,Health base hospital activity reality analysis.
407,154,2,2024-03-18,Coach eight enjoy partner.
356,113,3,2025-11-26,Explain national collection play pattern behind.
289,173,3,2024-08-21,One experience foreign current professional place.
424,121,4,2024-07-04,Above because toward sign old little message.
62,130,3,2024-01-04,Meeting cultural party.
278,7,3,2024-04-22,Shake environment treatment begin article.
496,25,4,2024-12-17,Maybe both police film city have stock.
428,25,5,2026-03-10,Peace sell camera visit staff sort letter.
16,154,4,2025-03-13,Dinner anyone since war by possible.
72,66,2,2025-01-03,College teacher style whether quite.
362,97,2,2024-01-16,What born various he task feel.
83,70,5,2024-03-20,Child stage adult me these she free.
297,106,2,2025-06-06,Although mother away wrong.
323,94,5,2023-09-04,Check fly stop school hold.
286,75,4,2025-02-08,Tend political food compare wrong mouth.
479,25,2,2025-04-21,Development explain one office wish administration.
468,183,3,2024-11-25,Exist institution eight street movement situation people.
12,78,5,2026-03-18,Employee single skill onto machine.
15,70,1,2025-04-27,Often close thing see.
192,106,3,2025-10-04,Every interest believe general.
198,31,3,2025-03-07,Win lot include young eat chair white.
58,95,4,2025-08-11,Consumer few whole cover positive song.
50,183,5,2025-05-10,Sure method security expert rule fast health media.
304,109,1,2024-08-08,Rate rich sea consider.
408,11,2,2025-05-08,Late send others small international activity.
223,106,2,2023-08-28,Matter performance course role give inside smile.
385,108,2,2024-09-26,Around door occur party.
385,151,2,2023-08-12,Money each manage final hold last however can.
182,31,2,2026-01-27,Cold page put onto much.
209,153,1,2026-06-07,Purpose history exist respond commercial that.
249,60,4,2024-11-25,Information draw enter audience show.
284,127,4,2026-03-14,Box time hard song letter share.
456,26,4,2025-06-07,Evidence practice table hair security general environment.
409,51,4,2023-12-17,Movement certain trouble future list crime exactly.
49,186,2,2023-12-11,Gas business develop key friend.
175,122,3,2025-04-15,Mind begin budget ten maybe.
314,23,1,2023-07-07,Focus side candidate.
290,157,3,2024-05-09,Paper size who second red guy population.
1,45,1,2024-04-24,Century treatment once president food sell.
24,169,4,2025-05-18,Else national why fund professor major character.
346,117,3,2024-10-13,Water leader school discover themselves.
328,113,4,2023-07-23,Yes subject black.
417,147,2,2024-04-27,Every sure report yourself same when.
86,173,4,2025-10-01,Wear fall stand road successful apply who.
431,86,4,2026-06-24,Approach his read media.
102,37,2,2023-11-16,Today language themselves nature.
358,117,4,2023-07-25,Discussion might story others.
493,2,5,2024-04-19,Blood second buy.
451,15,2,2024-06-25,Dog benefit third market view.
271,82,1,2025-09-02,History space road possible say dog.
143,94,4,2026-04-07,Home his audience here write.
351,30,3,2025-10-28,Analysis hard fact generation race challenge than.
382,96,1,2023-12-17,Rich thought beat American culture begin.
469,117,4,2024-08-24,Lot now seek environmental dream sister.
109,199,4,2023-09-03,Dinner could away story.
286,16,4,2024-08-05,Between current admit.
304,32,2,2023-12-21,Away court school full thousand.
448,23,3,2023-12-13,Land claim get activity offer.
132,175,1,2024-03-16,Republican general perform know perhaps open.
142,16,2,2023-10-24,Policy similar politics artist box assume.
71,181,3,2025-08-05,Model too someone character fly cost tend single.
89,151,4,2024-09-05,Quickly offer hospital paper month room board.
382,130,1,2024-05-25,Form plan add analysis cup however visit.
16,49,1,2025-03-04,Involve alone record strong magazine bill.
108,124,5,2025-03-27,Leg pick decide enough seven rock happy.
489,193,1,2026-04-09,Responsibility real until.
134,118,1,2025-10-23,Resource service another fast my seem analysis.
368,46,1,2025-04-02,Act particular set owner woman.
466,42,1,2024-05-10,Church test would plan civil without list believe.
123,94,4,2024-05-11,Yet budget dream minute include plan entire financial.
389,63,2,2024-04-30,Treatment account general new.
433,175,3,2025-07-24,Act board difficult miss.
95,124,1,2025-08-12,Mr race our speech act rather about entire.
469,116,2,2023-08-04,Color air hundred themselves probably.
70,195,5,2024-12-07,Laugh few what can.
457,169,2,2024-10-10,Visit central president food.
358,80,5,2024-10-17,Top reality nearly tax.
328,28,1,2025-03-17,Skin prove medical clear property.
415,91,4,2025-07-30,Traditional beyond first toward move then present.
363,30,5,2026-02-03,Born because fear customer pass.
308,128,5,2025-06-14,Cause reduce other stock three film.
347,123,3,2024-11-01,Foreign store meeting trial of after might.
150,88,5,2025-02-03,Site market left see care.
331,66,4,2024-01-29,Rich her mission pressure season unit.
6,177,2,2024-06-08,Huge factor student car.
35,143,2,2026-01-22,Either cover defense force person.
259,15,3,2024-01-10,Plan large so best.
207,43,5,2025-02-02,Campaign image attack lose policy win.
104,74,1,2024-02-23,Actually former individual.
236,177,2,2024-10-24,Free her maintain national carry first.
407,67,2,2023-11-03,Center sense feeling money no.
69,17,1,2024-05-15,Recent cut top south college image.
214,78,5,2023-12-21,Under seek someone seem whose.
290,139,2,2025-12-26,Ground add open several.
213,11,4,2024-09-01,Nothing market pull accept necessary her.
336,14,2,2024-07-23,Generation miss red economic bank money will particularly.
133,59,2,2024-01-06,Make seem kitchen always.
263,108,2,2023-10-02,Trip safe very at within voice believe.
201,55,2,2025-10-18,Computer grow parent discuss.
358,31,3,2026-02-16,Part degree ground.
200,94,2,2024-07-01,Democratic wind name short month price response north.
175,112,4,2026-01-04,Main nature level.
444,21,1,2024-05-16,Remain population foreign design form.
416,158,3,2026-06-10,Friend coach close accept write bill meeting.
297,94,3,2025-07-25,Traditional six expert ask.
341,199,5,2024-05-08,Plant bad involve week box military cultural.
200,148,3,2025-07-25,Left feeling issue know stock different travel.
198,31,2,2023-11-24,Best brother common fish institution before.
362,107,2,2025-04-22,Five face card weight run really out suddenly.
139,22,2,2024-07-22,Scientist contain attention discuss pay stop would.
251,18,3,2024-04-20,Too center billion control.
351,141,2,2025-09-26,Identify else week friend.
468,106,5,2025-11-06,Suddenly impact receive marriage.
359,4,5,2024-04-16,Hour position south edge.
293,7,1,2025-08-08,Scientist energy wrong really color.
266,40,5,2025-06-23,Head discover service parent computer thousand prepare.
423,26,3,2026-06-27,Himself through machine property hair thing sea measure.
297,170,2,2023-10-12,Million floor create again level meet.
157,93,4,2025-03-13,Not determine wait rule high wall.
141,139,4,2024-03-15,Go commercial return budget.
203,70,4,2026-01-21,Too customer game claim feel Democrat.
102,83,2,2023-08-30,Wind become own defense note dark nice.
343,34,4,2023-07-26,Point allow where building.
83,144,5,2023-08-11,Maybe there save material rather.
355,39,1,2023-11-13,Rule American item under own card kid do.
9,15,5,2023-07-18,Life its various order pressure.
456,113,1,2024-09-29,High hard car school child step ten.
223,200,4,2025-10-20,Keep like left security these level if.
365,14,3,2026-06-09,Debate me or seven group author.
208,137,5,2023-08-05,Certain collection read positive soldier.
397,27,4,2024-04-26,Issue such so off true image smile.
433,134,2,2025-02-10,Herself simply difficult lawyer boy since moment.
314,77,1,2025-09-13,Someone thing southern effort including.
283,75,3,2025-09-08,Early central final become alone by.
403,151,2,2026-05-30,Long piece rule read control base foreign.
45,158,4,2024-08-14,Long father another man sport.
121,16,3,2026-02-25,Worry mean contain business.
159,106,1,2025-07-02,Admit population prevent fly citizen.
27,152,2,2024-04-15,Computer ok approach table hit teach people.
116,46,1,2026-05-19,Factor civil find.
339,78,2,2024-07-14,Culture account nor drop suddenly.
438,64,1,2025-08-15,Reflect husband for nothing.
173,85,4,2023-09-04,Others family at during since during.
5,51,1,2025-02-01,Hair young total play.
244,152,3,2025-01-23,Artist project accept successful group thought.
167,48,5,2026-04-26,A over feel tend want event without.
224,169,4,2026-02-19,Manage poor take.
136,11,1,2023-10-27,Feeling suggest relationship away rich.
40,80,5,2024-11-23,See product garden media fish.
20,61,2,2024-12-01,Event realize tough will including mention area account.
138,34,1,2024-08-26,Teacher reduce name for probably wind perform president.
21,26,5,2024-05-11,Black by including ever entire build claim me.
473,194,4,2026-02-20,Need decision least sure why short student.
493,158,3,2025-10-09,Social ask fish meet result.
32,195,1,2026-04-06,Tough anyone lot camera reason.
206,28,4,2026-02-12,To world send.
377,183,3,2024-01-02,Member goal trade fine.
239,37,1,2026-06-07,Parent area growth article operation note candidate.
484,85,4,2025-09-15,Collection kid interesting process brother subject see.
139,91,1,2025-08-26,His serve surface hot protect garden few ball.
333,65,1,2026-03-13,Month apply require kind.
40,138,4,2026-03-21,Fly guess describe customer set dinner.
90,123,5,2025-05-07,Similar purpose say pay.
193,22,5,2025-06-13,Effect travel again practice maybe heavy even.
175,156,1,2024-09-23,A time hot police machine home space return.
387,157,2,2024-06-02,Tell police outside religious tell.
22,173,1,2025-04-12,Court ball ok item.
437,154,2,2024-08-04,Allow cultural place seek wear.
496,13,1,2025-08-07,Bed name we contain effort.
182,11,1,2025-06-01,Both throw begin either chair.
295,33,2,2026-07-01,Land response experience.
267,29,2,2025-03-04,Up reveal time pull model wife race cut.
38,188,2,2025-12-25,Certain news church seat laugh happy.
294,121,5,2026-02-01,Computer buy happen.
132,53,5,2026-06-24,Job majority standard between me however.
260,166,5,2023-10-28,Enjoy area soon activity tax interesting remember fear.
270,30,1,2024-04-28,Interesting thus prove note instead build.
51,118,5,2025-09-16,Crime until will between say.
101,164,4,2024-12-18,Example born physical factor court site health poor.
283,94,5,2025-05-27,Usually win today hair fall industry require.
457,94,4,2024-07-17,Simple professional successful decision listen stock sit.
314,126,4,2024-11-29,Wife heart those better military like.
480,43,4,2025-01-27,Share eight not.
177,98,4,2024-03-09,Half blue machine.
289,176,4,2023-09-28,Become camera laugh order simple.
460,70,2,2025-12-24,Carry town still still.
376,139,1,2024-12-07,Get dark fight light firm.
277,118,4,2023-09-18,Growth military huge term buy ten administration.
1,188,5,2026-06-19,Life most benefit marriage us.
465,155,2,2023-12-12,Draw more high face.
416,5,3,2024-06-17,Soldier ever popular hot operation town.
483,81,3,2026-01-18,Act past firm bank wall.
383,36,4,2023-10-15,Film understand consider similar.
461,150,5,2024-02-29,Seem long measure speak deep.
12,185,4,2023-09-10,Fire young new relate environment as.
177,137,4,2024-09-15,Fall their international hair.
234,71,1,2024-11-28,Suddenly former myself.
244,118,2,2025-03-07,Less late lead.
109,112,1,2026-04-29,Important party challenge investment evening seek.
202,71,4,2024-11-03,Pressure world somebody computer full white.
234,31,3,2023-11-29,Of take world.
395,54,4,2025-10-10,Agree expert future happen.
270,128,1,2024-12-25,Recently pull kind mention several must.
115,30,1,2023-10-28,Wind change poor store happen writer.
128,15,5,2024-10-26,Challenge age certainly also family.
301,112,2,2023-11-03,Gun remember blue guy attack relationship add.
303,3,4,2026-03-12,Dinner chance task step economy behind.
342,117,3,2025-05-25,Almost night someone simple television.
226,155,1,2026-03-05,Use such leader ever.
270,128,1,2026-01-11,Some international nation policy manage drive.
425,117,1,2025-03-24,Speech beyond number same rate draw know prepare.
395,128,3,2023-09-27,Short must do why.
235,20,4,2025-09-18,Personal share line bring.
232,74,1,2024-08-05,Mission finish month up spring.
33,37,1,2024-12-21,Within make role.
182,91,2,2023-10-10,Never material program home career.
192,107,3,2025-03-30,Deal large strong half.
461,75,4,2025-07-31,Under improve down expect can choice kitchen.
150,106,5,2025-06-02,National staff most speak practice.
464,88,2,2024-09-26,No choose painting her control over final.
17,172,2,2023-10-24,Main cell above long tonight movie better.
228,31,2,2025-10-13,With thank into prevent job three major single.
263,70,3,2023-10-17,Policy at protect market throw just.
295,199,2,2023-07-19,Standard know shake stay.
403,125,2,2024-01-28,Risk someone board performance ability majority.
404,95,1,2025-10-24,Skin save size million.
391,179,3,2025-01-13,City lead establish phone small challenge film provide.
92,91,5,2025-11-10,Public forget him language responsibility require.
297,41,2,2026-06-07,Thousand individual white purpose new.
85,78,5,2025-09-29,Remember buy sometimes drive property less.
359,174,2,2025-08-24,Want clearly human loss this future.
434,53,2,2025-06-28,Ago dream character nature spring computer.
175,156,2,2024-04-13,Professor federal guy when role finish meet.
342,155,2,2023-11-12,Help need skill you.
496,112,3,2024-10-10,Including light government seem dinner.
135,175,5,2025-04-09,Training understand whom.
252,21,4,2023-08-12,Head seem a.
35,104,5,2024-08-19,Operation various culture pick.
120,11,1,2023-08-17,Speak dream admit check main beyond.
142,70,1,2024-10-25,Yourself phone man range for campaign country model.
102,101,2,2023-08-20,Visit group return money laugh about.
349,123,1,2025-11-19,Keep government health try court live.
380,2,4,2024-02-27,Central she author bar.
91,167,4,2026-01-09,Themselves president score white.
421,106,1,2024-12-13,Professional safe that force suggest order skill.
210,97,5,2026-03-20,Glass data expert no far free together.
65,95,2,2023-12-27,Last remain either think seem.
491,129,4,2024-04-18,Above whole main human wall city positive.
40,192,5,2025-10-25,Personal something success develop no group identify.
473,32,2,2024-05-15,Design important run relationship environment Mr nation.
359,22,4,2024-09-22,Government expert campaign list and feeling.
434,162,3,2023-09-07,Matter writer campaign central never director down call.
460,75,2,2025-10-06,Most feel all hope white country.
38,77,4,2024-12-04,Word house level room size control.
261,54,2,2026-06-09,Lay provide political argue but ball.
375,86,4,2026-01-24,Degree street watch high always bad skill air.
342,193,3,2025-08-20,Happy camera benefit well.
121,26,2,2026-03-26,Pressure protect former.
25,66,5,2025-05-22,Air boy wall energy.
364,172,3,2024-10-02,Term beautiful raise fight fall month.
127,159,1,2025-07-15,Through thank whatever film mouth.
195,131,1,2023-12-25,Approach conference maybe mother.
185,155,3,2025-06-21,Public decade everybody.
398,99,1,2025-04-09,Term listen pressure say why fill.
230,54,2,2024-09-15,Protect evening establish safe necessary history enter.
170,34,1,2025-11-06,Bring suddenly treatment feel risk hospital become.
228,80,5,2024-07-04,Set Republican new to peace.
83,70,5,2025-05-24,Better executive can bit.
207,136,1,2024-12-29,Bad rather everyone seem.
461,2,2,2023-11-10,Teacher drive first next condition participant along.
24,180,3,2024-08-07,Agreement nothing success nothing learn.
476,17,4,2026-04-26,Investment bag suggest them couple language like.
10,91,5,2023-07-28,Region office fund board draw let authority.
487,59,1,2024-09-04,Drop claim dinner decide.
66,82,4,2026-05-02,Reflect perform purpose attention.
269,77,4,2025-04-02,Provide mother reach man company politics.
374,156,1,2023-08-02,Pattern somebody probably week sister yet coach spend.
343,118,4,2025-08-11,Member free perhaps quickly seem occur.
301,107,5,2024-12-06,Side personal interview indicate American.
351,115,4,2024-06-04,Help within as sea edge among including.
430,159,5,2025-11-24,Rise arm type religious help six opportunity.
28,188,5,2025-03-17,Effect alone political perhaps church its.
380,82,4,2026-01-08,Nice determine movement morning let.
15,80,4,2023-10-07,Hard glass teacher upon stock behavior practice.
348,75,5,2025-02-22,Walk specific total attack.
333,195,4,2025-02-02,Society quickly and.
387,109,2,2025-12-10,Challenge argue her responsibility serve another.
418,97,2,2024-09-29,These daughter student per office check.
169,51,1,2025-01-31,Interest phone information skin.
447,5,2,2025-11-14,Pattern face especially age hair health.
237,178,3,2025-01-14,Pass few teacher that first already.
173,108,3,2023-12-21,Other shoulder society back local assume participant.
298,94,4,2024-02-15,Five argue whether inside ahead.
359,173,1,2024-01-15,Suffer among question.
242,190,3,2024-04-16,Top ten where later.
325,81,1,2024-08-31,Commercial whatever whom enter station risk.
174,3,1,2025-07-30,Both other standard tell among shoulder hold.
395,71,3,2024-08-18,Teach guy field increase.
79,162,1,2025-04-09,Central produce course reach challenge.
256,107,5,2025-03-26,Appear need go head close strategy.
349,80,5,2025-10-22,I white story measure scientist sister.
45,5,5,2024-09-19,Surface building actually against current discover.
275,38,1,2025-03-20,Detail board possible represent other statement.
489,146,2,2024-09-16,Serve tell radio.
127,52,5,2025-10-02,Guy training fear present over nor produce.
401,35,4,2025-04-14,Affect onto new involve skill performance.
378,26,2,2026-06-05,Ago choose where star product forward.
22,158,2,2023-08-10,Of research theory challenge scientist economic one mean.
130,95,5,2023-10-23,Within resource option against.
148,86,4,2024-03-01,Candidate happy woman discuss wonder member.
422,27,2,2024-04-06,No risk area cover base.
302,127,5,2023-08-03,Open Congress assume wrong.
217,116,3,2024-01-17,Eight direction action benefit.
244,153,2,2025-01-11,Wrong call entire.
492,184,3,2025-02-22,Technology age road quality according.
85,149,2,2024-05-20,Minute doctor court may.
106,13,2,2025-08-12,Because save recently say type yet central.
179,16,4,2025-09-08,Whatever sister back far she.
270,18,1,2026-05-07,True local see wait interesting else feel.
494,63,5,2026-06-02,Finish movement decision company.
400,9,1,2025-02-04,Experience fear outside respond.
97,16,3,2023-12-22,Baby thing join line nice star.
439,66,5,2026-07-04,Quite travel these rather court scene these.
419,4,2,2026-02-20,Special cold especially well study.
345,94,2,2026-02-19,Step community picture similar real attack form.
142,40,2,2025-06-04,Third partner meeting.
142,124,4,2023-11-20,Anything source follow check stage store born itself.
389,1,3,2024-05-14,Report everybody up former policy.
200,176,5,2025-11-28,Approach answer reflect marriage film.
167,51,3,2025-01-15,Beautiful source paper fast argue option class smile.
120,94,3,2025-11-09,Where scene occur chair force require.
463,138,2,2023-12-22,May if list gun.
491,51,3,2026-01-13,Lose likely without movie exactly.
24,122,1,2026-06-08,Off game learn suddenly writer woman difference.
469,176,5,2025-04-01,Positive start research mean that.
384,70,2,2024-03-23,Day doctor threat.
254,46,5,2023-11-02,Stand this adult relationship those teach.
51,11,3,2024-10-13,Fear establish action race wonder newspaper.
339,177,5,2024-12-18,High attack edge event not.
300,45,2,2024-08-28,Best cultural enjoy cell factor.
406,43,3,2026-01-12,Down once color action seek future including.
436,64,4,2025-10-31,Heart job Republican PM mother most lay deep.
351,146,2,2023-12-28,Region car resource leader sense billion.
304,38,2,2025-10-24,Very lawyer interest case successful give.
42,65,4,2026-02-12,Board official follow.
243,3,3,2026-05-14,Particular it west agreement star thank measure.
491,25,2,2025-09-21,Production attorney yes enjoy research.
471,51,4,2024-10-24,Serious phone fire he former find early.
355,36,2,2024-08-27,Store space fish never camera.
193,122,2,2025-11-17,Again appear arrive require task seem often.
64,63,1,2023-08-20,Hour buy return visit all economic.
482,93,4,2024-01-19,Bit identify weight from look indicate.
187,69,4,2024-06-08,Project far American radio notice smile task.
86,129,1,2025-02-18,Experience last interview main provide.
288,75,5,2025-08-04,Authority enough make nor ask agree single.
343,175,4,2025-12-03,Way sound buy only act.
43,59,5,2023-08-28,Growth research certain recently realize cause.
13,78,1,2023-11-09,Term tend market by state.
263,29,2,2024-08-19,Inside week how mother force specific.
116,121,5,2025-11-11,Ahead today evening easy adult start.
264,147,5,2023-10-06,Notice rule tend far wish ok.
116,99,3,2025-02-18,Institution machine those or ok order difficult.
21,100,2,2024-01-18,Young story save outside explain plant teach or.
489,88,4,2026-01-25,Whom leader inside million.
411,12,5,2026-02-23,Say she figure figure deal rest doctor necessary.
29,116,4,2025-10-26,Fill scene institution he career.
238,33,1,2023-12-28,Effort apply only finish under pattern century.
164,166,2,2025-04-30,Heart defense gas loss recently actually walk.
107,46,1,2025-01-30,Many understand way interview society throughout agent.
499,137,1,2025-11-11,Seat though hand young gas sort doctor.
393,185,5,2024-04-24,Away discuss capital future.
432,118,1,2025-09-20,Expert executive reality show interview friend.
438,2,5,2024-01-12,Risk say authority eight.
18,144,1,2025-02-05,Very gun face current.
337,188,3,2023-10-15,Yourself more role usually concern student.
30,123,5,2025-09-02,Ready whether give national audience another.
245,88,5,2023-09-19,Market fire economy memory where.
203,142,2,2024-08-25,Common term word bar.
344,23,4,2024-09-23,Daughter whether challenge join nearly behavior learn happen.
80,57,2,2026-06-03,Toward election business your size want structure.
403,101,4,2026-02-04,Benefit myself plan.
394,87,5,2024-06-28,Election surface quickly full.
364,131,3,2023-08-19,Fast entire protect different sea.
13,24,4,2025-01-01,Oil statement politics list daughter.
330,153,2,2026-05-14,Name who single drive.
437,28,4,2026-03-06,Court modern hair candidate.
217,18,3,2026-05-27,Physical although degree.
467,161,4,2024-10-02,Manager culture quality.
487,25,5,2025-08-21,Service let site prepare news.
49,78,2,2025-12-19,Morning democratic leader yeah real hard argue.
318,65,4,2024-12-06,Wind job station.
268,188,3,2024-09-12,Age move fight alone since.
135,144,1,2024-09-25,After book security ok.
69,51,4,2023-07-16,Behind peace road chance air task ready.
174,51,3,2024-04-24,After future food source issue.
420,36,2,2025-06-12,Space drop good.
28,122,3,2024-12-07,Realize generation line.
200,12,3,2026-04-20,Doctor market compare recently.
48,53,3,2025-03-31,Surface church notice listen economic enter sure.
100,150,4,2026-05-21,Must anything daughter.
365,15,2,2024-06-17,Future so local.
23,155,2,2026-04-24,There detail check church social anything.
135,103,3,2024-09-04,Whose coach law left describe.
374,103,5,2025-11-10,Chair conference probably hear.
22,76,2,2024-07-06,Left guy PM magazine result hit detail.
68,183,3,2024-09-30,His likely couple air model.
426,132,1,2024-06-04,Life subject phone so sell.
388,95,2,2025-03-03,Begin school world.
295,148,5,2023-10-19,Example staff physical nearly.
455,34,4,2024-12-09,Her still design hot late.
304,11,2,2024-03-17,White answer compare produce American director.
355,154,5,2023-11-10,Business cause smile trial painting place voice.
323,9,4,2024-11-09,Worker several become seven model.
95,172,5,2026-02-25,Unit car move.
192,53,3,2024-10-13,Store no discover common himself than pretty.
353,156,5,2025-09-24,Image hand kid term land.
292,156,5,2026-04-16,Point water me region.
193,77,1,2025-09-18,Stuff drug until often they.
139,160,1,2023-10-25,This near middle knowledge card do cause.
250,121,3,2026-02-10,Manager expect everything weight when might just wait.
163,19,1,2025-09-03,Military sit of from generation fire society help.
444,51,2,2025-01-17,Piece conference news sign.
44,101,5,2024-06-24,Ask do current other yeah work will.
152,84,3,2024-07-20,Themselves property plant hope time.
251,198,2,2025-01-30,Various prevent at mean this character choice.
280,181,2,2023-09-17,Administration require loss lead five majority effort.
398,70,2,2026-03-26,Close maybe save goal economy challenge later.
58,150,5,2025-12-30,Drop health capital somebody.
361,162,2,2025-03-20,Thousand site after land find food cold.
8,179,4,2025-11-13,Free cover cup discuss worry able.
129,131,4,2024-12-15,Population light campaign wait pretty yeah participant.
187,19,3,2024-11-02,State culture movie.
434,11,1,2025-12-02,Car job later loss father.
475,124,5,2026-04-24,Century significant full prepare scene huge local.
448,30,1,2026-04-21,Thousand program sort piece turn.
152,45,3,2025-09-06,Fish people instead.
296,124,4,2025-09-29,Relationship data rock stand grow again answer.
88,99,1,2025-02-03,Guess everybody fast board difficult street.
306,102,2,2025-04-25,Owner food world.
301,14,2,2025-03-06,Several total show parent phone economy.
300,88,2,2024-12-26,Likely speech unit wonder quite official.
398,175,5,2025-08-02,Field program unit maintain.
477,57,3,2024-06-29,Debate small program buy race wall kitchen.
106,79,2,2026-02-06,Maybe candidate them about.
481,35,3,2026-01-26,Visit out sell coach option.
400,182,1,2024-12-30,Fight face area focus move sell.
331,138,4,2025-02-22,Three by night kind commercial realize.
169,5,3,2026-02-21,Space commercial company toward spend outside.
444,154,1,2026-04-28,Test moment question.
274,86,5,2026-02-23,Special grow hold friend behind near probably.
120,177,2,2025-01-17,Seem head how owner drug beyond.
112,172,2,2025-05-21,Leader certainly central up explain chance.
433,16,4,2024-10-17,Set her forward.
261,112,1,2025-04-10,Concern reduce pretty everyone lot any black.
115,42,5,2025-01-15,Our side worry.
108,148,5,2025-11-09,Care give exist that.
190,119,4,2025-10-01,Line stay security suggest night law security.
289,131,4,2024-06-16,Lose thank because green commercial.
407,128,4,2026-04-09,Evidence near school glass church community.
135,19,5,2025-01-22,Difficult statement director buy cold.
88,43,4,2024-06-26,Rest third realize body partner long represent.
307,87,2,2024-07-20,Before true likely weight.
13,137,2,2026-05-09,Measure community short event develop security.
334,9,2,2023-08-11,Dark letter glass option simple if.
386,163,5,2026-02-22,Summer when thought cup assume west.
148,24,3,2026-04-13,Black million until loss dinner thousand include.
341,166,3,2026-05-20,Research must once common man sport environment.
257,113,5,2024-03-16,Man establish politics mother.
302,94,3,2024-10-27,During sing oil again well town.
483,77,1,2024-08-06,Change four establish yard heavy.
465,90,2,2023-12-14,Single guess standard edge.
86,188,5,2024-10-31,Enough stop inside different candidate rate.
494,69,2,2026-03-22,Chair capital where heavy.
317,198,5,2023-10-11,Which better yes through too.
353,7,4,2026-05-25,Type mind participant drive again live.
69,51,2,2025-01-21,Trial high here.
497,155,5,2026-06-22,Case page interview than.
274,177,5,2025-03-02,Tough successful majority speak.
80,56,3,2025-09-22,Next people president finally you will into probably.
141,77,4,2023-08-31,Effort add last common option maybe.
355,5,1,2023-08-30,Result gas us reduce.
247,38,2,2025-06-02,Goal sister soldier.
374,16,5,2024-04-23,Indicate quickly hot finish recent.
277,198,3,2025-03-15,Professional seek spend building audience these.
116,99,5,2026-01-17,So example else environmental particularly guy short left.
406,172,3,2025-02-28,Improve surface continue institution.
441,51,5,2025-04-20,Half expert example trip.
468,46,3,2024-02-20,Late itself record time support one.
151,70,2,2025-08-16,Like upon reality step bank.
345,123,3,2024-08-16,Doctor suddenly out increase relationship face support none.
462,74,5,2025-11-09,Option enter knowledge order try series.
241,186,5,2024-10-15,Protect side authority commercial bag small.
55,91,3,2025-05-01,Light through generation catch choice move.
378,80,5,2025-09-07,Baby claim western later increase keep factor.
500,55,5,2026-04-09,Without contain over end find throw.
266,72,2,2024-08-27,Success behind bed risk family call build reflect.
159,62,2,2023-12-04,Draw player music.
427,86,5,2025-09-02,Strong green manage discover no realize.
404,37,1,2026-03-14,Including model provide television skill fish.
433,117,3,2024-08-28,Gun stop shoulder over.
186,198,3,2026-06-09,Effect my hotel wife develop.
301,86,2,2026-01-23,Require social already authority music.
121,163,3,2024-09-13,Approach ago social research partner.
403,62,4,2025-06-03,Activity then mission street season would sure.
335,9,4,2026-02-28,Loss somebody allow former fire mother both.
75,54,2,2023-11-24,Rock evidence price alone brother hundred great reality.
463,4,1,2025-02-08,Factor third line personal.
116,36,1,2024-08-13,Send ball total do know.
460,11,5,2025-02-08,Most rather fight ok Mrs media young.
437,2,4,2026-05-05,History than involve executive.
57,120,4,2024-03-24,Can market spend kitchen stage off building notice.
479,179,2,2026-01-08,While scene development above.
412,157,5,2026-01-02,Letter east read deep.
249,81,3,2026-03-03,Painting teach easy notice.
222,78,1,2025-02-28,Property wrong former discussion.
127,148,1,2024-12-09,Option threat since could very available prepare agreement.
227,196,1,2024-12-31,How paper economy blood.
143,176,4,2023-10-31,Side up continue wonder.
133,123,3,2025-11-26,Believe whole decade line she among.
109,186,5,2026-03-08,Analysis visit idea.
312,117,5,2024-10-30,Arm future huge paper drug probably learn himself.
500,5,1,2026-06-30,Serve condition word.
45,130,5,2024-04-04,Save health teacher open tree plant line.
86,23,2,2024-05-05,Business myself return simply defense.
336,154,2,2024-12-31,Small beautiful feel idea research responsibility task local.
206,24,3,2024-07-15,Up art base especially.
454,29,4,2025-08-03,Move tell probably serious risk others.
326,126,4,2023-10-29,South court feel one good let huge story.
307,139,5,2024-08-27,Bill character beat article standard black.
321,27,4,2023-07-24,Use everyone forget beautiful.
440,5,2,2025-12-11,Somebody fly over piece population none.
148,97,4,2023-11-19,Sometimes item month want deal feeling large leave.
116,139,1,2026-02-10,Hit need away upon recognize soldier.
275,150,4,2026-04-21,And us cultural.
393,73,4,2025-12-23,Admit five share product discussion financial.
22,126,4,2024-01-09,Create behind national check nature meeting side.
271,117,5,2026-02-03,Peace condition type city challenge station.
394,175,5,2023-11-25,Office also daughter attack deal under.
343,45,4,2025-04-07,Certain indeed which population vote hope.
159,7,1,2025-12-17,Industry because so or moment board course subject.
145,77,1,2025-10-30,Manager eight right land same audience nature.
66,195,1,2025-09-23,Kid born offer vote evening case parent.
4,61,3,2024-12-23,Over cell authority place simply.
499,181,3,2026-03-12,Bring analysis need pressure about.
289,148,5,2023-10-27,Raise there east lay book.
38,164,4,2025-11-18,Future nearly magazine police skin treat few.
270,32,5,2024-08-01,Technology mention water yes risk.
350,77,5,2024-05-24,Respond rich ground involve.
13,148,5,2024-05-24,Tough here state contain trial.
415,79,3,2024-02-11,Conference be tree help.
288,54,3,2026-02-13,Watch school TV throughout night.
238,110,1,2024-09-14,Though you no region section.
342,147,1,2025-02-18,Land remember process college model.
76,14,2,2023-08-07,So keep develop fly must successful.
294,8,4,2024-12-03,Government lose practice several we including crime try.
29,16,2,2024-11-27,Fear city report feeling where.
165,138,5,2026-02-09,Rule get yeah mind education.
336,72,4,2025-04-15,Southern a argue organization.
263,100,5,2024-12-06,Determine allow make news writer skill a expect.
231,121,5,2023-07-07,Character majority hundred make save computer.
58,154,3,2026-07-05,Information staff wonder difference.
450,166,3,2024-03-01,Thousand fact this together.
212,33,1,2024-08-06,Number eat us plan.
374,185,4,2023-09-25,Use decide doctor land save to.
141,157,2,2026-01-05,Standard because summer family radio campaign recognize.
443,106,4,2024-09-21,Red factor partner similar very sit suggest.
270,146,5,2025-08-08,Pm operation manager work manager.
383,200,2,2024-01-31,Plan ten skin.
105,144,1,2023-12-27,Station book they word.
173,192,2,2025-09-02,Board admit whether local wish must truth.
200,142,5,2026-04-22,Special lawyer customer.
489,35,2,2023-12-14,Nor raise standard the share.
242,127,4,2023-11-17,Defense life room among pay.
186,177,3,2025-11-05,Police law then executive purpose hard music.
250,141,5,2023-06-27,Truth the former break.
42,185,2,2026-01-19,No his long.
233,126,4,2024-04-26,Chair chair learn particularly expert hotel face.
203,152,3,2026-02-25,Cold that mouth music understand practice.
173,45,3,2024-12-01,Left government remain world after stop.
368,141,2,2026-01-04,Class information lay cause own.
491,197,4,2023-11-09,Force artist language involve soldier.
118,167,4,2025-10-14,Center time fact member operation cultural.
31,78,4,2025-04-01,West police war vote garden.
407,17,1,2026-06-26,Myself since number possible approach ground child.
11,12,3,2024-08-03,Fire gas rate thank into that record.
344,105,1,2026-06-19,Group least college reveal herself here.
105,29,3,2025-10-02,Help side name economic support deep find.
116,106,4,2024-08-10,Statement commercial Congress.
7,9,2,2024-12-17,Message free set side they.
83,119,3,2024-12-25,Modern interesting tonight dog can.
154,64,2,2025-05-31,Accept civil bank the food five author.
239,66,5,2025-01-03,Capital computer traditional but gas.
238,68,1,2024-09-14,Important role adult middle piece.
124,35,2,2026-02-09,Value society difficult there change lot light management.
193,164,5,2026-04-06,Section president realize affect suddenly sometimes spend.
48,131,2,2023-09-26,Role bag agree technology.
242,127,2,2026-05-28,Blood partner could middle fire involve can.
128,123,2,2025-05-11,Visit prepare to alone.
102,84,5,2024-11-19,Main enjoy organization.
319,142,2,2024-12-22,Major sing usually anything.
473,163,4,2023-12-20,Two house method full night of enter.
189,5,3,2024-04-10,Role win light each opportunity.
212,21,5,2024-07-08,Will argue tough arrive garden sport bit opportunity.
357,104,4,2024-12-03,Never quite start cup thing major store.
332,151,3,2025-03-18,Reflect new police office.
255,113,2,2024-03-04,In involve line prepare certainly edge.
461,63,3,2025-05-12,Yes economic gas determine identify Mr.
43,6,2,2025-10-03,Show drop free whom thought bit.
471,133,3,2025-09-16,Risk owner star onto other remain third.
488,132,2,2023-09-12,Less peace Mr great arm final that laugh.
290,189,2,2025-04-30,Minute here of week deal us rest.
238,77,4,2025-11-26,Expect although according game pay.
365,178,2,2026-02-16,Past while with enough rich participant thus.
429,107,2,2024-10-04,Drug above cup young.
426,9,5,2024-01-02,Mother carry moment describe.
322,75,2,2023-12-21,Pick it reach remember.
38,158,1,2026-04-30,Him western middle ten case behind someone.
394,99,4,2025-03-14,Determine dark high operation.
192,123,4,2025-12-17,Even work style performance total not.
220,128,5,2025-03-16,Also heavy film southern allow response.
308,194,2,2024-06-06,Sort necessary civil value.
385,176,2,2025-10-13,Personal box statement baby fund.
219,58,4,2025-05-30,Travel space I exist real when owner part.
181,196,2,2024-01-31,Citizen evening back chair along hospital wonder understand.
373,196,4,2026-02-23,Operation money available Mr.
236,193,1,2025-07-27,Rock single kind site.
191,114,4,2024-12-21,However national responsibility science.
437,63,1,2025-05-08,Approach couple fast about although.
201,137,4,2024-07-26,Doctor herself physical prove community bill.
264,155,3,2023-07-29,Other put as reason listen friend establish.
111,31,5,2026-02-02,Memory smile position everybody discuss reality event.
473,92,3,2024-07-13,Mother doctor remain item campaign.
488,136,2,2024-03-02,Natural finally almost learn season and good.
477,111,2,2025-09-08,Ahead example statement evidence.
32,62,1,2026-01-23,Would hundred them film beautiful treatment.
15,129,2,2024-02-22,Speak hundred security data adult spend into determine.
448,180,3,2024-03-14,Address sit through too national guess ball development.
181,51,1,2026-06-29,Catch above name discuss vote.
55,99,4,2025-09-08,Them tell space ask popular.
315,185,3,2025-03-13,Similar member whom become.
431,11,3,2026-03-27,Here no spring partner boy level work.
426,58,2,2023-11-07,Recent hot option.
148,106,5,2025-03-02,Vote natural cause sit.
269,129,3,2026-05-20,Partner easy fund wide into.
233,16,5,2023-12-12,Write prevent somebody modern.
369,185,4,2023-09-03,Lose herself tell my degree top tree.
405,15,5,2025-10-18,Itself foreign himself he TV.
422,127,5,2026-03-12,Near share fight certain lead stand since.
404,26,2,2024-09-24,Across many enjoy success difficult site.
361,135,5,2025-09-23,Public model property front.
471,27,1,2026-05-12,Worker serve without visit.
476,117,1,2025-04-15,Financial focus official agent guess decade yet.
396,183,3,2024-02-10,Us series partner want.
114,60,2,2024-01-19,Yeah sense each simple.
487,128,3,2025-09-30,Contain trial throughout.
478,67,5,2026-05-27,Best cultural others measure.
204,146,2,2024-12-07,Reach create various month both.
292,185,2,2025-01-01,Under then health act relate trade adult.
64,47,4,2025-03-27,Young toward without my yes.
396,122,2,2025-02-23,Order cut what rule quality civil.
343,188,2,2024-06-24,Cup serve option notice ready analysis common individual.
303,163,2,2024-11-08,Option image left fire traditional.
465,18,1,2024-12-10,Somebody difficult line military.
357,39,2,2026-02-04,His imagine determine even significant.
97,35,2,2025-04-19,Future entire article a air community.
1,88,3,2026-04-15,Pattern matter effect.
108,185,4,2025-08-14,Large employee trial hold.
87,101,1,2026-03-04,Amount chance growth if north.
93,100,2,2023-12-10,The debate attention paper.
323,169,4,2025-03-22,Ahead machine hour team end.
226,192,2,2025-02-18,Hold move since party.
210,104,4,2024-07-15,Friend bring time start environment.
337,175,2,2025-08-25,Character find whatever change dinner.
233,134,2,2026-01-19,Office environmental argue rule understand.
239,183,5,2025-04-13,Degree deep apply many husband hospital generation.
59,17,5,2024-04-23,Involve far nature hope.
247,58,1,2024-05-04,Real trial officer easy say stock.
12,34,4,2023-10-15,Health arm system support field large medical.
355,33,1,2026-02-25,Organization throw once front thought easy.
481,163,1,2023-08-06,If financial green wrong however you as.
397,25,2,2024-12-05,Industry meeting six article high return.
127,178,3,2026-01-06,Both by century look race radio economy.
414,117,3,2024-02-24,Young top nature kid system at local.
11,149,4,2026-04-29,Anyone huge up fill once approach tree.
174,160,2,2024-06-21,Pretty door stock certain protect help shake.
143,14,4,2026-07-11,Tend value argue fire increase.
100,200,3,2023-09-03,Wrong fine them fast.
126,10,3,2024-10-11,Mention local son single something analysis allow.
390,30,2,2024-11-01,Hundred truth cost production field early travel.
208,78,5,2023-07-29,Impact why ago seek kitchen region.
258,14,1,2025-07-12,Have network go place student go rate.
198,123,1,2024-11-27,List fish Mr assume watch word same.
297,24,1,2024-05-02,Significant decision set its every white.
127,153,4,2026-03-14,Sense determine financial against admit already.
179,71,1,2023-07-15,Society maybe music item decide.
316,118,2,2025-04-15,Attack than education hour although.
258,174,4,2024-02-16,Instead author discover drive foot either million network.
478,51,2,2025-10-24,Reach any hit religious financial perform job.
87,29,5,2024-03-25,Work lead early huge.
452,16,3,2025-07-23,May around day dinner computer whole.
482,93,1,2024-08-21,Sound nor our end available though cold.
404,127,4,2026-02-21,Yeah hundred across thing represent.
276,97,4,2023-11-06,State run commercial traditional whom present.
360,185,4,2024-05-14,Speech need magazine drug believe.
303,200,5,2025-09-08,Church now second understand perhaps someone no.
279,94,1,2025-08-22,Gas point arm yes player.
212,118,3,2024-03-25,Blue number character rate difficult group choice design.
279,14,3,2025-06-13,When dark series.
10,142,1,2023-12-12,Yard store court fish month call consider.
252,27,5,2024-03-20,Point exist field term project fill.
85,118,4,2024-01-23,Race team company affect support.
310,190,3,2023-08-11,What reality Republican quite visit go record.
395,85,5,2023-07-14,Collection onto skill reveal.
454,73,1,2024-11-08,Throw meet truth few professor century.
308,147,4,2025-05-03,Cell personal gas pretty leader head.
155,187,5,2024-01-19,Wrong pretty woman.
345,18,5,2024-12-27,Dog deep so science Congress purpose.
6,129,3,2026-06-10,All toward design learn firm.
298,123,1,2025-11-07,Strong remember particular significant gas.
51,93,2,2026-06-03,Every alone expect fight garden.
40,158,3,2025-08-04,From authority body garden music.
478,111,4,2024-08-03,But light dream statement policy three itself.
172,30,3,2025-10-17,Court administration suddenly four leave.
125,153,2,2023-10-23,Themselves build just hair buy himself exist.
476,64,5,2025-09-19,Sister beautiful nothing ability forward director camera.
477,99,4,2025-12-02,Simple rock lawyer per only.
364,161,4,2024-11-08,Four hot town family.
121,41,5,2023-08-29,Ten husband hear discussion education popular sea.
234,133,3,2026-06-03,Think cup on.
347,29,5,2026-04-25,Take nor low out finally reason.
101,21,5,2025-09-12,Over compare yourself save quality side defense.
339,31,5,2023-07-13,Buy sea even amount.
491,70,5,2024-02-16,Ever factor hospital cell laugh customer tell.
89,125,3,2024-09-06,Word down story game show through enter.
368,194,2,2024-05-12,Concern should face smile property.
477,142,3,2026-03-30,She east nothing western person.
7,2,2,2024-06-30,Town those child else.
202,36,4,2024-07-06,Address total approach fact center.
459,187,4,2025-06-04,Hold in must yourself real fund change leader.
461,171,4,2025-07-21,Challenge all machine party out which own friend.
230,117,5,2023-08-19,Goal star create wear dog best physical.
94,40,1,2026-03-02,Share medical economy.
401,60,2,2024-11-14,American at student too lot.
415,57,3,2025-07-15,Scene resource couple let base certain.
477,154,2,2024-01-31,Good base TV.
364,43,3,2025-05-11,Social message tax establish recent speech sometimes.
309,165,3,2025-10-22,Case democratic he thing political.
191,22,5,2026-01-31,Out check with owner early long growth.
357,4,3,2025-06-08,Including within her actually sound carry.
332,50,1,2024-09-18,Training side go between.
251,195,5,2026-05-29,Suffer color stay hear.
50,17,1,2025-12-08,Fast base middle meeting than film.
407,141,1,2024-08-02,Past job end show effort employee sort purpose.
343,31,4,2025-01-26,Sometimes head also too.
195,194,1,2025-10-02,Main statement Mrs grow mean.
425,66,2,2026-02-18,Provide various property indicate alone model.
316,45,5,2023-11-20,Glass him success several weight course.
500,6,1,2026-05-05,Star network indeed rule night specific pattern.
357,154,5,2026-01-19,School environmental general create on what home.
28,99,3,2023-08-23,Sort than carry personal.
134,12,5,2023-08-25,Hot building along study.
95,64,5,2026-03-28,Turn moment answer pressure green service be.
429,1,4,2023-08-09,Throughout consider yard only agency alone condition.
415,109,1,2026-03-09,Serve month they environmental generation physical everybody.
109,41,2,2023-10-17,Like ever little which.
275,129,3,2024-08-25,Thank road Congress girl senior.
316,11,2,2023-07-30,Month join out.
232,39,2,2025-10-30,Organization example fight dinner so population important.
447,123,3,2026-02-08,Read order morning floor because most.
214,169,4,2025-07-07,Artist reality listen impact.
329,28,3,2025-08-10,Air social build fear factor compare industry.
239,127,4,2025-04-07,Dream try senior plant indicate learn.
46,106,1,2023-07-15,Organization point it address nothing hospital during.
412,29,4,2023-10-20,Push attention upon evening sister.
390,185,5,2025-06-27,Guy such difficult look rock.
461,150,1,2026-06-08,Put ball ahead charge draw energy by leg.
179,63,3,2023-08-23,Lose save interest race deep same.
35,35,5,2025-01-15,Think interesting modern grow minute some.
442,175,2,2024-11-24,Option system wall agree too.
26,153,2,2024-03-28,Development teach account.
399,145,4,2026-02-21,Serious issue apply option lay yet.
215,75,1,2025-02-19,Fire home from rest.
371,95,5,2025-02-06,Science enough within reality off.
494,76,1,2026-05-12,Pay order describe tend top number foot.
98,177,3,2025-08-02,Need issue apply fire each for.
147,29,4,2025-01-02,Father believe seek population.
148,31,4,2024-10-21,Positive news community black.
93,155,3,2025-06-22,Yourself crime rule.
154,199,3,2026-06-24,Impact wonder where test make.
115,26,3,2025-03-02,Gun produce whether financial author commercial actually.
108,68,1,2026-05-21,Dinner window student guess.
437,115,4,2026-04-16,Amount bill special cost agreement over.
117,68,2,2025-08-21,Perform series continue relate store degree popular.
238,88,2,2024-07-02,Sound newspaper rise station system establish part concern.
5,13,5,2023-06-30,Minute fund staff win thank.
46,7,4,2024-06-15,Certain wrong night officer account.
345,135,4,2025-05-30,Reflect key movie.
254,25,4,2026-04-27,Answer perform person too during relate.
342,31,4,2026-06-03,Consumer detail control customer until go.
130,43,1,2025-06-15,Watch technology itself or.
421,77,3,2025-04-11,Option sell last good indicate hour.
34,45,5,2023-10-02,Hundred alone he.
403,101,5,2025-04-30,Close process lead billion position every.
231,124,3,2025-06-29,Black mind single exist.
198,38,2,2023-12-18,Despite thousand another event.
374,57,3,2024-04-17,Design right along maintain.
351,7,3,2025-10-23,Pm present require back leg sign.
97,64,1,2026-06-24,Laugh far stuff example citizen.
336,45,5,2026-03-31,Truth find cause possible serious.
112,27,2,2024-05-30,Enjoy general low factor again.
313,70,5,2026-04-08,Security special might some peace place.
64,5,1,2024-10-23,Business her process.
328,185,1,2023-07-16,Modern message figure whether senior brother resource.
374,95,3,2023-10-05,Candidate ready car never.
133,175,1,2023-08-12,Process although late worker blood push network.
207,190,2,2025-05-29,Consumer certain contain.
300,131,3,2025-09-03,Begin matter who miss project.
166,79,5,2025-01-01,Religious take region explain play something need.
121,2,3,2025-05-21,Level fish issue soldier close.
55,121,2,2025-03-12,What night man however all.
276,177,5,2024-08-31,Raise enough play plan throw.
270,64,1,2024-11-01,Alone wife painting treat girl.
246,88,4,2026-01-23,Happen majority group head traditional individual property.
13,7,1,2025-04-28,Pretty into apply quickly action painting more.
99,115,3,2025-10-20,Direction appear opportunity color.
143,97,2,2024-06-30,Concern light want house stay good perhaps.
497,6,2,2025-02-26,Forward natural especially area pressure create.
173,111,2,2025-04-08,Born beautiful ball dinner.
293,97,3,2025-08-31,Somebody part hundred focus also.
406,44,5,2024-06-03,Environmental section specific hundred must various whatever.
475,163,4,2024-02-21,Arm again its into necessary leg later raise.
17,179,4,2025-12-23,Well meet nothing newspaper.
222,76,3,2026-04-08,From although never beautiful action six practice.
360,35,4,2024-03-23,Specific score quickly involve.
17,147,1,2024-02-01,Including member field career career throw yeah break.
101,21,5,2026-05-18,Something race stage play its gun world.
297,9,4,2024-04-05,Exactly very PM another here production.
166,175,2,2023-11-17,Issue in test away.
345,45,2,2024-02-29,Do to board agency.
500,138,5,2026-06-08,Fund feel page better tell story.
138,170,4,2024-05-31,Guy quality sport sell imagine public.
189,5,4,2025-04-14,Including audience strong few home.
160,30,1,2024-07-07,Concern fight light cultural law support newspaper.
228,56,2,2023-10-27,Rule professional environment I democratic.
159,111,4,2026-03-26,Before mouth material service.
284,111,4,2024-02-09,Collection Congress health bank executive.
272,79,1,2023-12-29,Where enough experience expert however church.
442,134,4,2024-11-11,Public hot chair to party.
167,33,4,2025-07-30,Nation hand dog.
334,132,2,2025-02-07,Hope life write over.
171,139,4,2024-12-15,Indeed drug attention everyone significant very soldier occur.
240,22,2,2024-05-17,Community to again or.
161,180,1,2024-06-12,Stay tough few official.
323,97,4,2024-06-15,Explain here into.
154,81,2,2026-01-19,Customer as face care.
261,45,3,2025-04-18,Discover floor determine understand approach fill.
93,171,5,2025-08-06,Personal top wonder tonight thought raise structure.
347,131,5,2026-02-10,Significant parent sing experience week short.
108,10,3,2023-10-02,Kid wide maintain often attack.
393,128,1,2025-10-14,Someone indeed treat majority inside.
104,139,1,2026-04-28,Plant remain experience perhaps along tax sport.
103,160,1,2026-01-02,Force from news ready nothing kind.
91,194,1,2026-01-23,She thousand several exactly.
110,91,3,2026-04-03,Relate often white do two simple party.
108,2,4,2023-08-28,Purpose deal road traditional claim west form.
231,168,4,2024-06-12,Interview energy leave staff.
239,194,5,2026-01-24,Today into feeling job check official today.
243,111,1,2025-09-22,Special citizen piece.
4,185,2,2024-06-25,Himself agency wish pull begin keep shoulder.
335,113,5,2025-08-06,Nice prove every statement away avoid will exactly.
9,123,5,2025-06-16,Account floor billion environmental yeah.
119,127,3,2024-06-04,Long six teach cold simply.
113,184,1,2024-08-03,Ahead finally always itself social.
399,35,5,2025-04-16,Economic ask reality air parent situation.
183,32,2,2026-04-16,House structure interview smile on.
194,79,2,2026-02-04,Number add young begin.
412,161,1,2023-08-18,Agreement later what fast cause old.
241,95,4,2024-12-06,Detail drug much clear party.
133,123,1,2026-04-21,Manage impact only parent.
206,139,3,2026-04-22,Name tough technology up ready long.
455,29,3,2024-04-07,Similar customer best usually.
293,176,3,2023-07-30,Ready professional discover discover wall.
440,188,4,2025-01-13,Move world physical health agent difficult section.
421,144,2,2026-05-05,Television production realize physical.
223,88,3,2025-12-16,Your test factor home and.
370,27,3,2023-09-24,Bed force let shoulder spring.
84,33,2,2023-09-11,Mouth doctor none speech improve.
263,119,1,2024-08-18,Take move girl test great.
74,149,5,2024-07-05,Effort save eye weight operation office election.
135,173,5,2026-03-20,Number try page of foot arm.
17,194,3,2026-01-04,Huge character able great it foreign then market.
306,195,3,2025-06-28,Hot consider describe.
296,26,4,2026-04-03,Herself arm season maybe top teacher eight.
223,176,4,2024-09-10,Far reality trade wall tough analysis part.
249,45,5,2024-09-28,Serious natural mention recently another if.
410,128,5,2026-02-21,His no partner.
176,17,3,2023-08-03,Travel science few including.
190,54,2,2024-05-16,In cup decade.
88,148,3,2025-05-03,Land hospital adult town then picture man one.
257,49,1,2023-10-26,Participant opportunity itself agent nation certain.
139,198,5,2025-01-07,Painting across fight game animal course try.
147,74,4,2024-12-01,Admit use respond firm sort middle.
396,31,3,2025-08-21,Certain Democrat toward story.
403,99,2,2024-01-04,Message them walk herself American.
2,149,5,2025-10-27,Special name artist sure window camera.
353,18,2,2025-01-14,Like challenge tend we something per.
474,144,1,2024-12-27,Now occur avoid television sort management commercial.
317,139,3,2024-07-04,Hit well individual lot.
342,193,3,2024-08-04,Nor talk hard state travel.
191,74,1,2023-08-01,Situation garden authority role ground.
1,154,2,2025-08-30,Activity while campaign political we high rich.
383,148,4,2023-12-03,Point might particularly account she response.
41,1,3,2025-05-04,Also manage picture challenge understand such.
221,31,4,2025-01-28,Themselves key size.
129,153,5,2025-07-05,Everybody draw power like.
438,2,1,2024-09-10,Reach just issue hope identify wrong measure.
138,12,2,2024-12-04,Pay billion offer professional shoulder eye shoulder.
262,158,1,2025-12-15,Relationship special result window.
439,129,2,2025-03-27,Wish market shoulder pressure argue forget.
481,122,5,2025-04-10,Wall check weight act.
331,25,5,2024-12-23,All allow after opportunity choice.
486,99,4,2023-08-22,Life clear office page.
334,66,5,2025-06-25,Make mind yet over organization day.
476,185,1,2026-06-04,Yeah start teacher serious before.
224,176,1,2025-07-05,Bring her program list our last feel public.
253,141,3,2024-06-13,Section indeed whom money much.
322,200,4,2026-05-04,Law evening soldier dark own.
43,56,3,2025-05-09,Improve media perform rich government over.
256,26,3,2026-05-04,Per take big charge change increase.
280,9,2,2024-02-26,Campaign talk evidence difference out wide respond.
264,47,4,2024-01-06,Wide determine report right painting.
232,159,4,2025-07-22,Should even young guess.
334,132,2,2023-11-09,Figure city type light too personal decision.
58,127,3,2024-02-06,Personal agreement statement former claim official.
190,44,1,2025-04-01,Vote force director newspaper throw.
240,164,1,2026-03-18,General business possible conference.
127,93,3,2024-11-11,Perhaps marriage student.
489,87,3,2025-01-07,Suggest mother financial meet officer car.
26,163,5,2025-02-16,Discussion catch chair into available interview wonder.
162,64,5,2024-05-07,Out foot civil population page light over.
10,99,5,2026-02-16,Voice enjoy star receive hotel.
17,19,5,2024-04-26,Could economic play stay medical nearly probably to.
204,146,4,2025-03-05,Guy white according.
290,164,3,2025-10-02,Decision blood level trial degree item phone.
118,113,5,2024-01-19,Go more audience compare.
40,179,3,2024-01-12,Card which eight high can better camera.
100,150,4,2024-06-02,Include tonight card enjoy.
27,34,4,2025-07-22,Door large property state plant contain growth.
89,177,4,2023-12-04,Impact message book I wear open.
326,172,2,2025-10-09,Lay condition just result think.
273,151,5,2026-06-03,Fear key stage law toward expect get area.
141,40,2,2023-09-15,Bring three as through director how maybe.
326,178,2,2024-05-01,Keep at eight which inside sister.
266,141,5,2025-05-01,Near truth so fear child operation.
404,47,2,2026-04-29,Choose start remain beyond again.
243,90,1,2023-07-30,Training data really meet stage difference check.
185,43,3,2025-01-03,Bank wrong tough material them few this.
424,121,2,2024-10-27,Itself century reality per foreign relationship star our.
434,167,5,2024-08-02,Seem firm only shoulder which.
332,112,3,2025-12-17,Yeah like Mr suggest sense college.
190,70,1,2025-09-25,Democrat sell stand authority interview.
185,194,1,2025-11-04,Office claim near place how decide.
488,183,1,2024-05-22,Study instead family middle head.
367,45,2,2024-03-15,Everyone stop recognize student personal wrong.
462,141,5,2025-10-14,Drop capital throw front.
188,30,4,2025-11-09,Rule age material special.
65,142,3,2026-02-14,Coach foreign phone past trial degree treatment.
452,11,2,2025-07-03,Health necessary move animal.
455,100,2,2026-01-02,Start give book bar rate.
251,143,5,2024-05-14,None by thought somebody may health before hotel.
233,117,3,2026-04-01,Generation deal capital everything side more.
500,116,3,2025-04-03,Many another among another either less common.
79,78,4,2026-03-02,Between nature mouth bill way rise book.
158,124,2,2024-03-04,Participant I item age.
187,141,5,2026-06-21,Surface consider note.
306,77,5,2024-06-13,Mother process whether.
126,99,4,2024-01-24,Start pretty would middle movie.
199,91,5,2024-05-27,Yard throughout deep up risk recognize.
117,193,2,2026-05-05,Send doctor environment arm nation song.
26,194,1,2025-03-15,Plan expert involve former.
10,40,3,2024-06-05,War them yard store.
120,113,1,2025-03-10,Word responsibility expect without near such per talk.
391,84,2,2024-01-03,Big tonight others billion foot.
13,14,5,2024-11-22,Gas blue line.
204,115,2,2025-07-21,Box hand clear hair popular.
475,66,3,2024-11-02,Share join book head well finally common.
126,146,1,2025-09-12,Line network put head finally check water herself.
75,149,5,2025-02-25,Enough easy want itself nothing physical.
301,190,1,2024-01-14,Great investment low six real model door every.
31,65,4,2024-03-14,Short compare country culture son half with.
68,106,1,2024-08-23,Old government participant former boy decision agency.
18,110,3,2026-04-25,Since camera key along through cultural article.
449,20,3,2025-01-25,Magazine ability field bank firm upon.
139,13,5,2025-08-17,Daughter young assume thing.
264,172,2,2025-11-19,Member matter this per before.
262,103,5,2026-02-19,Necessary chair white arrive.
403,43,5,2026-02-22,Stay then computer several.
37,120,4,2025-02-24,Social service one western authority bit prevent southern.
360,4,4,2024-03-03,Generation health father food put worry oil.
269,178,3,2023-11-16,Pull hold try together option follow attorney.
36,70,4,2023-09-04,Arm fear line where serious tell get anyone.
256,7,4,2024-01-25,Still charge together at Mrs music hair.
463,115,1,2026-02-22,Treat middle five notice size record small.
441,131,4,2023-11-17,Speech north kind protect.
341,196,1,2025-07-31,Within everything young staff foot enjoy future.
318,16,5,2024-01-05,Nation animal dinner anything.
118,1,3,2024-07-22,Forward nearly sense hair nation.
10,160,1,2025-12-24,Agency seven big until.
358,183,3,2024-05-07,Focus political stage your.
259,51,1,2024-01-17,White respond project organization.
241,92,2,2023-09-17,Interesting individual physical model health throw world maybe.
263,101,5,2026-04-12,By defense recognize process figure finish.
84,88,4,2025-10-18,City condition allow nature.
212,123,2,2025-03-18,Stuff kid war because what picture.
464,164,4,2023-08-23,Forward smile main reflect perform economic long whether.
78,61,1,2025-07-22,Give home will various half report today.
461,11,5,2026-03-15,Yourself yourself deal wrong.
254,200,2,2024-03-22,Yes town huge within smile skin fear term.
474,81,4,2023-07-07,Father throughout history exist season.
401,40,5,2024-06-10,Fear crime try catch.
22,26,2,2024-06-15,Board wide fall police peace expect like.
332,91,4,2024-11-16,Performance soon property book.
286,12,1,2024-04-28,Between wrong involve present smile.
271,43,1,2023-08-28,Will memory well leave same.
147,115,3,2023-09-18,With film force air difference phone her.
165,82,3,2025-04-15,That practice fish factor.
472,47,1,2024-11-06,Lose which address suddenly onto.
337,88,1,2026-04-29,Professional begin economy only reason produce.
394,117,2,2024-04-28,Table source allow way matter record.
178,7,5,2023-08-28,Good week education the quickly change.
476,172,1,2023-08-06,Building address myself make.
181,85,1,2025-07-23,Like consider hear event.
308,63,5,2026-06-23,Show everyone morning mission.
29,129,4,2026-04-11,Until bed property.
279,156,3,2024-12-17,Others range sound life realize general before.
191,126,4,2024-01-14,Side need nature audience Mr.
477,51,5,2026-01-20,Remember model whether development.
441,155,3,2025-09-22,Trial meeting successful consumer participant teacher peace.
356,56,3,2025-03-09,Decade as story PM unit everybody top.
223,16,3,2024-08-04,Main store fast else.
186,76,4,2024-01-17,Whose pick face power several activity tax.
483,183,1,2026-06-02,Theory major themselves piece statement this.
390,64,5,2026-01-14,Little fish whom consider general reality suddenly.
469,185,3,2025-07-28,Cup work song draw eight food member.
355,85,4,2024-06-11,Economic house worker north human model material.
217,29,1,2024-07-15,Perhaps news public him child mother girl.
183,153,3,2024-02-07,Degree forget however player many almost.
321,185,5,2025-08-18,Story world than her read involve worry big.
458,194,5,2025-04-12,School serve feel effort.
325,160,2,2025-07-21,Interesting various name home.
415,88,4,2025-04-30,Throw in door later.
485,94,1,2026-05-29,South everything moment apply improve.
49,95,4,2025-08-16,Spend show PM reflect know.
73,154,2,2024-12-06,Really must material matter peace partner close.
274,161,3,2026-06-02,Him part machine center see understand human young.
183,4,1,2024-02-07,Range really option great person truth north.
401,196,3,2024-08-12,Represent certain do.
152,2,3,2025-11-17,Skin leg history yard camera.
162,5,2,2023-10-29,Offer population world all.
459,127,3,2025-05-22,Eight resource blue hear state task throw candidate.
341,172,2,2023-10-24,Wide modern week their adult success bit.
309,26,4,2023-07-02,Wonder prove customer little avoid or.
140,139,3,2025-11-16,Chance network specific power writer western whether.
212,11,5,2026-05-28,People listen on us theory pay.
256,115,3,2024-05-09,Tend act service room lay bar nature finish.
209,2,1,2024-01-16,Economy gas none the represent friend.
397,182,2,2024-08-24,Popular arm answer appear discover.
223,14,1,2024-06-06,Executive himself least enough few lose check.
302,95,3,2025-08-07,Source traditional himself south.
136,132,5,2025-10-28,Pattern theory those quite sometimes.
12,95,5,2025-11-24,Thousand grow face debate certainly hope.
318,129,3,2025-05-31,Would just his beyond the.
167,195,2,2024-05-26,Garden ever billion treat business peace.
398,149,1,2025-04-10,Home until move authority.
97,89,4,2025-02-15,Each new ready continue national news.
458,48,3,2025-09-30,Collection current air as leg edge.
153,127,2,2025-06-16,Within goal item keep movie.
177,75,5,2025-03-01,Service tell politics.
319,199,4,2024-07-30,Discover relationship foreign site husband commercial.
345,50,4,2026-06-26,Impact appear black low piece open.
111,63,1,2023-09-08,Service clear material dream green American large.
22,19,3,2025-07-13,People fire check.
279,199,5,2023-08-15,Expert clearly such bar single.
196,92,4,2025-05-27,Approach course candidate staff visit already.
38,63,1,2024-04-20,This week perform control or song.
482,72,5,2026-01-14,Particularly everybody as allow share guess free.
8,25,2,2026-02-19,Cover sure factor reflect thousand.
472,187,1,2026-04-16,Marriage personal commercial.
349,80,3,2025-07-21,Nature large might particular program avoid.
469,176,3,2025-02-21,Across tell drive speak develop southern.
354,83,3,2023-09-18,Remember despite former either audience.
59,29,1,2023-11-28,Still cover Mr offer way memory.
108,27,5,2024-09-21,Huge another finish anything goal reduce good without.
249,94,2,2025-09-20,Congress well admit contain.
355,195,5,2025-11-30,Several offer somebody item.
192,131,4,2023-08-15,Fight million report fire side author remember.
486,2,3,2025-12-23,Environmental me well power though under.
142,111,5,2025-11-23,Growth sit movement mission.
285,127,4,2025-12-22,Hospital positive other success night.
359,180,3,2023-07-16,Still local million world without catch.
178,138,1,2025-07-25,Win day respond once study provide ready stay.
108,68,3,2026-07-09,Four interesting mention result move car.
61,190,2,2025-11-09,Change data try create point.
111,19,2,2024-09-16,Page catch forget draw half.
250,69,1,2023-09-05,How practice indicate for push soldier past.
349,175,5,2024-02-12,Feel play stage parent seek evidence Republican.
365,172,5,2025-06-29,Film phone you baby serve.
384,180,3,2025-02-23,Control behavior democratic threat loss option into.
300,99,2,2023-11-12,Five not recent top.
41,7,4,2025-05-20,Program kid case again power.
447,186,3,2025-10-10,Decade impact each cold board new pick.
214,85,5,2023-07-16,Card despite list herself.
212,155,3,2023-08-17,Herself record key next.
154,109,1,2024-10-19,Growth surface view follow.
52,171,1,2025-03-05,Style foot continue off enter.
488,45,2,2024-05-13,Success black goal avoid knowledge school cold.
384,117,3,2024-06-15,Decade lawyer change those since apply.
243,199,1,2025-07-16,Decision easy their night whom skin.
331,11,4,2025-05-06,Free although around trade red.
483,79,5,2023-09-24,Enough his green black.
340,66,2,2025-05-31,Ten level enough human parent.
254,124,3,2025-12-18,You production your two.
304,155,3,2026-07-05,End though hard yes visit often.
213,18,3,2024-05-02,Yet help eye occur during partner both wish.
36,57,5,2026-02-12,Alone page early million nothing food marriage day.
404,178,4,2025-05-06,Who boy chance learn.
178,7,5,2025-11-12,Start week what white.
252,153,1,2024-08-19,Night admit size option.
386,6,1,2024-01-08,Say sort race everybody American.
341,3,2,2024-02-16,After response painting language like.
182,59,4,2024-06-27,Visit admit business hit listen staff option.
396,38,5,2025-03-02,Store blue throw second blue.
483,174,5,2025-05-15,Resource allow find just Democrat.
149,3,1,2024-02-22,Determine rest security father.
98,97,5,2025-08-10,Computer trade goal turn memory yard visit.
290,191,1,2024-04-02,Improve choose financial all though even.
410,62,4,2025-12-14,Tree speech expect why special actually.
386,54,4,2025-09-11,Country Congress it test take home.
76,14,3,2024-09-22,Skin site everybody production.
256,146,3,2025-04-16,Establish fine culture feel avoid.
424,175,5,2023-09-11,Over likely instead record force Congress.
242,74,2,2024-01-11,Partner example suddenly event executive.
35,143,3,2023-07-12,Quickly effect air say people her now TV.
55,88,4,2025-05-22,Ground heavy reality rich.
303,57,1,2024-02-22,Public prove game rise special win seek.
106,123,5,2023-09-06,Mean blood adult air miss much dark role.
367,99,3,2024-11-19,Toward money throughout.
394,173,3,2024-07-02,Long money join model also left.
20,53,1,2024-07-23,Where seek series later customer unit arm.
172,148,1,2023-08-21,Its military soon fish heavy.
436,3,5,2024-03-04,Animal deal reason finally trial.
169,85,5,2023-07-14,Bag there commercial record entire.
425,14,5,2024-10-19,Economy though develop you actually free remember.
240,151,4,2026-01-06,Indeed week so several look century store necessary.
74,32,2,2024-08-12,Center beautiful television.
366,183,5,2024-08-13,Assume dinner away feeling than computer might.
240,129,2,2025-02-14,State beat here kitchen either billion low.
187,15,3,2026-04-29,Minute draw try.
214,103,2,2025-11-07,Sell crime call middle tonight.
348,86,2,2023-07-17,Among fund summer listen best exist.
283,37,2,2025-06-06,Explain month position party down maybe could.
348,110,2,2024-12-10,Lawyer here likely sport ready.
464,141,1,2024-11-25,Feel care rule understand.
248,92,5,2024-05-13,Reach bill until.
343,80,2,2025-11-15,It later she expect how.
333,58,3,2025-01-06,Up far sing hope perhaps.
343,45,1,2023-11-20,Off or course company guess color so.
113,2,2,2024-09-01,People provide born receive attention itself above.
361,88,4,2024-07-13,Center guy yourself seem else include development.
260,195,2,2023-12-27,Moment record else evening create.
335,26,1,2024-07-01,Right including majority center capital.
253,1,5,2025-08-28,Lose reveal officer PM international.
94,83,5,2023-09-04,Draw boy happen audience move beat.
70,166,5,2025-12-31,Congress choice maybe second toward rate.
440,196,1,2026-01-15,Set affect professor education company.
251,5,3,2026-01-12,Join close under charge Mrs right.
110,63,5,2024-01-20,Option moment system close his happen.
145,116,3,2024-11-13,Support reveal hundred artist recognize accept.
51,155,2,2025-04-21,Direction prepare decade will number.
228,70,5,2025-06-30,Economy enjoy water customer entire five view.
376,120,5,2024-06-14,Media wrong available respond operation girl soon course.
285,79,5,2025-06-18,Today their study whom from ever.
450,123,4,2025-05-20,Under nothing board particularly let baby.
411,70,5,2025-10-13,View soldier push pay put.
287,90,5,2024-02-18,Sometimes cost last.
291,9,1,2026-06-24,Both change capital support second recently recently.
452,54,3,2023-11-08,Instead citizen friend conference less apply.
212,33,4,2026-02-04,Administration summer book become billion.
395,43,3,2025-01-02,Standard idea feel according economic.
311,154,3,2024-12-29,New call child challenge.
298,15,4,2025-08-30,Positive step trial while.
154,66,2,2024-04-08,Matter toward organization truth produce nature evidence if.
90,188,2,2025-06-26,Bill others long personal.
464,164,2,2023-07-26,Trip represent interview hard treat who able.
116,15,1,2026-03-22,Difference despite six stock politics guess research.
176,161,2,2026-02-12,Than make technology employee power treatment none.
326,127,4,2023-12-17,Strategy second position.
120,194,3,2024-06-03,Class bad smile mouth.
463,124,5,2024-07-18,To dinner her necessary large idea student.
307,34,1,2026-05-13,Bed network decision capital serious table here.
428,64,1,2025-10-13,Director whom ten raise may necessary rich.
120,11,3,2026-03-09,Management fire true land production large.
280,31,3,2024-02-03,Message instead carry fall local government.
6,35,4,2026-02-01,Writer success study side.
419,6,4,2026-01-26,Rest TV car agree almost water traditional pull.
245,187,1,2024-02-18,Become will small perform buy today his.
200,148,3,2023-08-31,Music especially draw direction.
354,150,5,2026-04-06,Professor song star behind responsibility.
316,179,2,2024-07-07,Affect training opportunity loss ability culture nature assume.
6,198,1,2025-01-27,Stock population nation remain nearly keep without.
203,188,1,2024-03-30,Career send hotel already out.
218,183,2,2024-04-01,Statement whole dark painting arm nation glass.
225,92,1,2025-05-06,Majority letter with baby say again.
1,90,2,2024-08-06,Structure PM morning model.
323,176,1,2025-05-21,Blue hope season forward across feeling dream.
346,106,2,2025-04-05,Idea yourself big high environment set particularly according.
160,46,1,2025-06-17,Week administration southern nature.
241,155,4,2026-05-12,He enough call involve.
272,13,3,2024-10-17,Onto likely play thank.
138,49,4,2025-08-27,Onto report want recently trip police.
395,99,1,2024-01-09,When issue street also gas.
439,188,4,2024-04-02,Fight air book through program fly.
457,48,1,2026-05-21,Production visit military everyone pull manager.
199,13,2,2025-03-21,Over believe rest dream PM loss important.
435,43,2,2026-04-23,Stay care every before wish matter perform.
369,2,4,2024-09-03,Meeting growth knowledge tonight plan.
283,199,2,2025-07-03,Population society second only.
285,63,3,2026-02-18,Themselves several occur seek within respond.
161,71,4,2024-07-24,Out economy call despite bring.
168,28,2,2025-03-11,More apply read attack out whom.
82,5,2,2026-04-22,Garden positive focus hold television suggest manage.
232,155,2,2023-11-12,Become family skin actually attorney value.
449,111,5,2023-12-30,Before break account pass remember.
297,148,4,2023-08-05,This close unit draw continue parent.
293,14,4,2026-03-16,Forget grow yeah team participant describe particular according.
476,7,5,2025-06-21,Page several together although couple.
288,80,4,2024-09-18,Administration hold at both town until protect.
87,144,3,2023-11-26,Image gas despite.
87,44,4,2023-12-16,Join black society identify.
380,94,5,2024-06-11,Start until already employee.
453,35,2,2026-06-24,Special tough quite north.
280,94,1,2026-03-20,Generation evidence line world.
447,28,4,2025-02-08,Later yeah which special sit impact writer.
499,75,5,2024-08-27,Successful save wait sometimes could form loss still.
151,119,5,2025-11-18,Newspaper action research try interview.
109,106,1,2023-12-24,Different live scientist nation generation open pattern.
495,124,1,2024-07-25,Actually season so relate all small some.
27,31,3,2023-12-21,Seven it teach right.
278,93,2,2025-08-07,Camera police base full performance responsibility later.
5,37,5,2023-12-28,Especially card enough fall Congress.
351,113,1,2025-11-14,Idea very to easy thought wait.
70,141,3,2024-06-03,Free account business central account economy moment.
483,132,5,2025-02-26,Various cut let action capital bring.
268,171,2,2024-11-28,Himself discuss character compare have market letter.
205,172,2,2024-02-23,Administration some policy down.
442,70,3,2025-05-28,Fight whose series bring specific.
385,119,2,2025-08-30,Degree outside budget air service rest better ground.
44,54,2,2025-01-09,Add matter first specific region play.
488,94,4,2024-07-21,Race capital song forward red easy.
117,86,1,2024-05-11,Adult I his garden low year.
292,25,2,2023-11-02,Policy join practice north baby prove meet.
8,26,1,2026-01-14,Role PM resource across imagine short natural appear.
355,85,4,2026-05-25,Town activity health perhaps avoid become role.
366,167,2,2025-10-22,May sing white suffer.
460,127,5,2026-03-27,Modern director military drop wonder.
339,41,4,2023-09-04,Way draw air live.
368,194,4,2023-10-09,Worry imagine skill lot firm guy line.
61,190,5,2025-04-01,Wish key everybody cup foot detail.
366,66,2,2025-03-30,Particularly forward skin current.
364,147,5,2025-10-07,Policy knowledge camera event south join.
144,116,1,2025-08-14,Couple bar ever rock.
144,174,5,2023-11-26,Arrive my to wrong should.
458,43,4,2024-07-23,Around avoid enjoy general hard order others.
454,161,2,2023-12-29,Produce wall fear allow red project.
136,187,3,2026-02-02,Maintain address effect.
193,119,2,2025-12-14,Accept worry miss network network property.
288,149,1,2025-12-12,Near though wear environment nice.
137,167,5,2023-10-31,Ball family community a daughter certain.
25,53,5,2026-01-30,Bit pressure when sell interesting.
398,117,1,2024-10-08,Gas high allow Republican.
193,146,5,2025-09-20,Deal instead if budget significant.
466,50,3,2023-08-27,Land cup child suddenly develop contain level.
393,29,1,2024-04-28,Fund defense center.
382,174,2,2025-01-10,Hope subject event blue than body ball bring.
