idUsuario,idRestaurante,fechaVisita,consumo,conReserva
79,16,2024-06-22,109.65,true
182,185,2024-01-05,185.68,false
206,124,2025-02-28,173.36,false
380,29,2023-11-29,199.78,false
71,6,2025-02-20,322.93,true
263,13,2023-11-08,128.85,false
109,19,2024-05-17,41.86,false
66,117,2026-03-19,208.43,true
291,116,2023-08-15,336.14,false
144,2,2024-01-03,337.61,false
422,102,2025-04-15,220.22,true
422,199,2026-02-27,267.27,true
68,125,2026-02-03,118.7,true
15,76,2026-03-24,75.23,false
27,75,2026-04-23,315.77,false
164,54,2023-06-30,122.01,true
436,104,2024-02-29,260.69,false
244,6,2023-09-23,241.07,true
419,108,2024-10-31,157.24,true
249,50,2024-02-06,162.65,true
178,194,2024-10-05,232.4,true
19,68,2024-10-16,169.35,false
325,164,2025-07-07,324.78,true
60,2,2023-08-10,335.27,true
447,121,2026-03-08,209.13,true
191,13,2024-09-16,212.55,false
269,127,2025-11-02,39.99,true
427,18,2026-03-16,176.05,true
249,66,2025-10-11,275.89,true
178,45,2023-12-25,57.7,false
300,155,2025-10-12,234.39,false
194,185,2026-02-27,120.64,false
419,94,2024-08-12,270.95,true
1,191,2024-07-19,281.56,true
484,14,2023-11-03,172.44,false
301,66,2026-01-21,328.56,false
30,102,2025-08-21,157.0,false
385,120,2024-11-22,26.33,true
24,155,2024-05-21,41.56,false
262,122,2026-05-04,106.44,true
365,31,2026-03-28,287.81,true
483,138,2023-08-29,321.51,true
210,82,2024-05-22,171.43,false
197,57,2024-12-06,114.48,false
146,124,2024-01-20,279.66,false
133,119,2025-02-24,63.01,true
142,133,2024-09-07,338.79,false
201,2,2023-11-03,114.09,true
389,158,2026-02-23,129.94,false
379,180,2026-04-17,184.25,true
178,101,2024-08-07,135.82,false
12,149,2024-03-09,332.18,true
118,114,2024-03-11,80.62,false
280,171,2024-04-12,233.95,false
277,47,2026-06-21,175.61,true
25,35,2025-08-09,158.09,false
437,40,2026-04-04,45.59,true
409,35,2024-09-04,188.9,false
373,165,2026-05-26,180.19,true
358,98,2025-10-09,318.47,false
378,22,2024-09-15,111.14,false
261,55,2026-01-30,39.76,false
78,58,2025-10-25,231.6,false
142,44,2023-11-23,43.15,true
393,86,2026-06-05,77.16,false
465,77,2026-05-30,107.88,false
348,5,2026-03-15,250.45,true
29,153,2024-11-23,221.75,true
19,179,2023-11-10,60.92,true
482,50,2025-01-29,297.29,false
119,124,2023-11-03,102.28,false
333,132,2024-05-29,197.22,true
107,174,2024-12-05,217.94,true
353,83,2026-01-25,312.64,true
196,199,2024-05-06,269.65,false
283,144,2024-05-26,324.67,false
32,39,2026-03-06,58.47,false
157,195,2025-10-16,297.11,true
105,54,2024-10-16,312.68,true
94,20,2024-10-27,286.36,true
191,117,2023-11-22,314.77,true
305,34,2023-11-25,256.91,true
215,174,2025-02-02,230.91,true
393,87,2025-08-27,337.65,false
205,78,2025-06-23,304.56,true
309,116,2025-08-10,237.2,true
255,86,2025-01-08,205.64,true
229,105,2024-02-27,29.24,false
305,129,2025-10-01,92.21,true
35,187,2025-08-03,339.96,false
470,71,2026-02-01,309.05,true
237,159,2026-05-04,93.8,false
29,129,2025-12-05,89.19,true
246,172,2024-04-04,280.06,false
459,187,2025-05-24,299.37,false
410,87,2025-12-12,62.62,true
17,117,2026-06-11,79.12,false
383,112,2024-03-30,272.43,false
445,137,2024-07-20,72.95,true
113,90,2024-03-21,162.2,false
465,103,2024-09-01,279.65,false
103,54,2024-08-10,261.11,true
9,29,2024-08-30,59.64,false
401,66,2024-04-23,125.69,false
492,162,2025-03-27,129.3,false
179,87,2025-12-11,305.61,true
480,46,2025-02-08,230.65,false
317,134,2025-10-26,176.99,false
308,102,2025-05-03,127.59,false
277,181,2024-01-11,188.36,false
205,194,2024-05-31,258.91,false
418,188,2025-09-08,255.97,false
384,72,2023-12-23,173.88,false
178,42,2025-08-09,197.96,true
175,154,2024-05-16,125.86,true
183,164,2024-09-15,251.38,false
320,173,2025-12-01,255.44,false
127,81,2024-04-16,132.01,false
25,103,2023-08-22,99.2,false
112,21,2026-03-08,75.23,true
410,108,2024-06-20,194.11,false
214,180,2024-10-24,64.37,true
397,180,2024-07-20,151.47,false
2,116,2024-05-01,202.43,false
289,168,2026-06-05,264.14,false
412,108,2024-05-18,166.39,true
252,124,2025-12-27,54.6,true
313,182,2023-11-06,305.06,false
88,166,2025-06-10,253.02,false
29,195,2026-05-14,230.92,false
366,147,2025-01-19,138.94,false
303,189,2023-08-31,161.45,true
250,163,2024-07-12,30.87,true
224,36,2024-07-24,230.43,true
279,53,2024-05-25,198.91,true
319,41,2026-01-16,255.14,false
291,194,2024-11-06,115.28,true
245,3,2024-06-17,92.59,false
472,1,2026-01-23,339.6,false
156,158,2024-12-23,340.51,false
284,82,2025-06-12,184.21,false
422,93,2024-11-28,340.35,true
361,43,2025-01-15,335.4,false
445,138,2025-01-10,201.7,true
19,25,2023-09-18,303.43,false
65,128,2024-09-27,191.05,false
446,189,2026-01-28,69.31,true
353,20,2024-09-17,183.95,false
412,190,2025-10-06,249.02,false
240,66,2025-04-19,252.35,false
339,176,2024-07-19,260.18,false
431,95,2024-09-28,47.16,true
452,57,2026-02-24,165.88,true
264,20,2026-05-26,264.35,true
427,120,2025-11-24,257.16,false
110,159,2025-05-21,304.95,true
311,7,2026-03-21,271.69,false
172,21,2026-03-01,265.61,true
111,17,2024-03-29,251.4,false
267,169,2026-01-11,201.39,false
406,106,2026-02-04,136.17,false
326,145,2023-11-22,26.97,false
210,94,2024-05-13,67.19,false
218,137,2026-05-02,156.34,false
305,182,2024-10-21,37.35,true
330,22,2024-10-22,284.84,false
88,122,2024-02-29,299.23,true
427,142,2025-07-08,141.1,false
275,25,2024-03-05,173.72,true
469,158,2025-04-20,279.32,true
222,120,2025-09-03,251.98,false
197,85,2025-08-07,324.15,false
137,93,2025-08-22,163.92,true
348,105,2023-10-13,64.59,false
213,36,2026-03-07,237.26,false
468,71,2026-04-25,191.24,true
467,191,2024-10-05,34.67,true
116,180,2025-01-03,29.47,true
109,52,2023-11-21,79.52,false
462,65,2023-12-22,90.15,true
421,34,2025-06-14,62.16,true
417,116,2023-09-26,243.56,false
180,155,2025-11-06,318.62,false
381,141,2025-05-29,129.01,false
348,155,2024-10-30,152.83,false
50,66,2025-02-11,207.35,false
418,165,2025-03-31,110.37,false
119,165,2026-04-29,144.0,true
454,73,2025-10-12,201.02,true
174,43,2024-03-11,202.85,true
401,188,2025-09-15,53.75,true
347,66,2025-04-05,223.87,true
86,86,2024-04-26,84.42,false
299,135,2023-10-12,324.45,true
332,195,2025-02-18,331.16,false
167,11,2024-09-28,49.09,false
231,189,2025-11-10,74.6,true
107,155,2024-01-03,300.78,true
59,144,2025-09-29,296.73,false
473,184,2024-10-02,58.32,true
180,133,2025-05-01,143.0,true
199,176,2025-04-20,125.09,true
40,166,2026-03-05,274.85,true
307,173,2026-05-06,275.68,true
435,189,2023-10-31,328.25,false
370,170,2023-09-09,59.66,true
156,42,2026-03-25,339.63,false
434,11,2025-03-22,196.34,false
380,103,2023-10-12,293.8,false
227,146,2023-08-08,223.55,true
287,59,2026-03-07,242.92,false
296,15,2025-07-11,214.26,true
236,77,2025-09-04,213.13,true
437,50,2025-02-06,234.89,true
367,168,2025-03-18,40.23,true
351,122,2025-04-03,189.6,false
51,49,2026-04-02,133.65,false
3,146,2025-04-21,340.69,false
381,109,2025-01-05,295.97,true
425,117,2025-08-19,136.78,true
377,11,2024-11-20,93.47,false
114,3,2026-06-12,319.98,false
159,38,2024-01-31,77.09,true
275,83,2025-03-21,268.2,true
169,60,2025-06-15,170.76,true
181,141,2025-11-21,55.44,false
267,1,2023-08-11,54.96,true
170,129,2026-03-16,184.4,true
100,29,2023-10-26,288.33,true
225,40,2026-06-16,197.86,false
433,76,2023-08-13,103.5,true
192,152,2025-02-26,94.84,false
313,90,2024-06-05,152.47,false
52,85,2024-07-11,188.33,false
80,137,2025-12-24,273.31,true
21,199,2025-06-06,243.32,false
135,142,2026-03-03,38.69,false
93,99,2024-06-25,311.07,true
410,63,2025-10-28,208.97,false
458,147,2024-06-12,89.15,true
202,151,2024-06-28,216.04,false
418,112,2023-09-22,61.17,true
252,199,2023-07-26,274.86,true
153,27,2026-06-17,37.26,true
229,153,2023-08-30,29.65,true
347,114,2025-03-04,98.49,false
268,147,2025-10-21,117.27,true
286,80,2024-11-25,115.91,true
499,25,2024-02-09,257.84,false
132,107,2024-08-31,314.89,true
394,29,2025-06-04,165.14,false
361,86,2025-09-01,267.86,true
333,38,2023-10-05,129.0,false
46,94,2024-02-22,168.64,true
16,29,2024-10-18,252.96,true
194,163,2023-11-28,45.78,true
282,105,2026-03-20,260.77,true
126,190,2025-05-21,50.51,true
85,58,2024-04-12,300.51,true
383,13,2025-02-04,26.81,true
179,42,2024-01-31,277.41,false
309,190,2023-07-20,78.8,true
132,138,2024-12-11,338.47,false
63,142,2025-10-18,176.86,true
7,86,2024-10-28,317.24,false
207,168,2024-09-25,132.92,true
490,180,2024-04-12,322.8,false
62,118,2024-04-21,260.11,false
388,105,2024-02-17,320.43,false
5,196,2026-01-06,345.32,true
466,136,2024-03-01,277.45,true
103,86,2024-04-30,309.73,false
108,73,2023-10-06,86.31,true
100,95,2024-01-21,27.71,true
298,5,2025-10-25,286.4,true
342,137,2025-02-01,123.86,false
23,6,2025-03-22,301.18,false
239,174,2024-10-19,106.47,false
302,66,2026-02-11,168.09,true
8,95,2025-12-16,126.81,false
134,128,2023-11-02,321.85,false
273,73,2026-05-24,312.0,false
239,101,2024-09-25,35.57,false
95,1,2026-03-20,310.92,false
464,39,2024-08-22,262.83,false
420,182,2023-12-19,59.34,false
432,121,2025-09-22,275.91,false
268,83,2024-10-21,315.1,false
473,87,2023-08-10,46.58,false
434,117,2024-06-20,207.1,false
300,146,2024-02-13,37.65,true
419,65,2025-05-11,124.52,false
292,1,2023-09-21,285.55,true
488,195,2025-03-26,54.16,true
94,62,2023-12-25,215.39,false
300,99,2024-06-10,78.28,false
245,80,2024-11-04,92.61,true
223,52,2024-06-20,82.7,false
461,200,2024-04-21,230.3,false
421,5,2025-03-08,155.25,false
125,107,2024-06-05,96.06,false
363,34,2024-03-22,30.64,true
391,107,2026-02-20,96.91,false
200,142,2023-12-24,287.63,true
221,123,2026-04-22,227.09,true
88,54,2025-10-21,42.85,false
230,60,2025-03-23,55.76,true
398,99,2026-05-04,260.97,true
31,199,2023-08-26,65.62,false
132,147,2024-04-29,320.01,false
396,155,2024-09-02,254.23,true
191,78,2023-08-04,37.0,false
362,89,2023-12-24,300.76,true
155,143,2024-02-13,210.65,true
257,66,2024-06-19,325.39,true
429,41,2026-02-10,245.88,false
63,165,2024-06-14,134.55,true
497,199,2023-07-11,295.55,false
133,116,2024-05-16,330.28,false
327,37,2025-11-22,289.23,false
463,96,2025-12-02,141.7,false
355,51,2024-12-07,61.83,false
69,26,2024-10-18,228.73,true
289,190,2025-11-04,50.72,false
471,100,2025-12-04,140.22,true
91,31,2024-03-31,270.03,false
218,178,2026-02-06,151.07,false
429,164,2024-04-16,116.08,false
18,151,2024-02-11,37.25,false
495,144,2025-05-16,164.89,true
333,50,2024-09-15,118.87,true
322,39,2025-04-21,218.47,true
22,105,2025-02-06,34.01,false
154,146,2024-06-06,104.02,false
214,199,2025-01-27,75.7,false
353,42,2025-08-12,49.62,false
76,52,2026-02-10,76.13,false
78,19,2023-07-13,344.08,false
152,174,2026-01-05,188.47,false
109,112,2025-08-14,225.72,false
326,75,2024-02-23,235.32,true
54,143,2026-05-05,328.99,false
224,172,2026-04-18,26.54,false
372,49,2025-10-16,335.46,true
202,47,2025-01-25,326.9,false
454,148,2023-08-23,75.19,true
457,118,2023-08-01,85.48,true
152,117,2025-09-01,207.69,true
122,117,2025-04-08,190.16,true
485,148,2023-11-20,105.57,true
342,53,2025-01-18,282.55,true
176,134,2025-02-22,218.82,false
30,2,2024-08-10,326.57,false
114,116,2025-02-20,322.68,true
2,82,2025-05-20,143.07,false
122,61,2025-01-06,59.95,true
300,45,2025-06-10,97.84,true
173,6,2025-03-27,52.0,true
244,22,2025-01-12,37.59,false
52,65,2025-09-18,334.93,true
356,174,2023-10-16,114.06,false
492,55,2024-01-09,228.26,false
254,11,2025-12-29,108.63,false
330,13,2026-05-11,81.04,true
243,26,2023-09-29,349.94,false
223,63,2023-08-14,335.0,false
320,82,2023-10-11,106.14,false
11,121,2025-06-10,81.13,true
339,116,2025-12-15,137.77,true
149,194,2025-10-13,142.93,false
248,43,2023-07-20,349.72,false
15,25,2023-07-22,250.28,false
266,53,2025-03-22,72.32,true
379,52,2026-03-05,214.66,true
213,87,2026-03-28,252.66,false
91,84,2025-10-29,324.31,true
113,61,2025-07-27,215.32,false
291,133,2023-09-07,326.04,true
122,144,2025-11-09,47.72,false
234,108,2026-01-11,225.96,true
388,173,2023-09-13,276.52,false
330,65,2023-12-22,168.48,true
386,42,2024-04-30,294.82,true
445,42,2026-04-26,92.29,true
51,198,2023-10-11,146.75,false
382,110,2025-12-31,46.95,true
345,122,2024-10-07,38.67,false
74,180,2025-01-11,249.18,true
173,125,2024-12-22,86.5,false
376,8,2024-08-08,320.83,false
38,153,2023-10-25,222.62,true
206,111,2026-01-27,94.57,true
329,148,2025-05-07,37.93,true
339,82,2026-05-22,228.32,true
499,34,2023-11-01,289.55,true
424,14,2024-01-28,216.86,true
424,42,2024-07-24,89.7,true
372,83,2025-02-09,342.89,false
269,52,2024-03-09,91.72,false
469,185,2024-03-13,104.66,true
216,107,2025-08-31,130.75,true
46,56,2025-07-04,63.83,false
291,190,2025-04-02,284.21,true
63,105,2024-12-20,336.92,true
336,43,2024-01-27,260.68,false
65,170,2026-01-24,251.7,false
103,58,2025-06-18,181.67,true
327,57,2024-06-03,145.63,true
213,46,2025-02-08,312.38,false
154,86,2026-02-09,292.81,true
411,40,2024-02-04,148.82,true
18,11,2024-12-28,158.48,true
431,19,2023-11-10,273.34,false
367,147,2026-04-01,316.46,true
349,199,2026-01-23,135.86,true
191,78,2025-08-24,103.01,false
304,165,2026-04-06,185.46,true
329,148,2025-09-01,85.94,true
72,155,2025-07-18,188.68,false
472,76,2025-09-30,281.14,true
174,121,2024-11-15,203.47,false
345,85,2025-11-29,150.63,false
374,195,2024-01-12,236.58,true
1,29,2025-10-16,222.52,false
352,4,2025-03-01,320.41,true
225,72,2024-09-16,127.06,false
98,55,2026-05-25,205.62,true
481,66,2026-02-18,151.8,true
15,146,2025-10-09,174.87,false
354,49,2023-11-29,148.31,false
55,91,2026-04-07,113.64,true
102,133,2025-12-01,205.79,false
318,142,2024-02-03,196.55,false
477,55,2026-06-03,203.79,true
286,69,2023-07-10,115.28,true
484,144,2024-05-31,179.91,false
230,69,2024-07-02,27.82,true
89,27,2025-12-23,73.97,true
22,20,2024-03-05,278.69,true
45,40,2026-02-06,262.28,false
311,101,2026-06-11,111.65,true
180,132,2023-09-25,72.3,false
133,52,2023-08-03,331.27,true
281,134,2025-03-27,290.34,false
194,120,2025-06-02,343.3,true
13,41,2026-06-09,58.82,false
339,161,2023-07-20,179.74,false
334,182,2024-10-14,323.33,false
399,76,2025-11-03,332.19,true
39,134,2024-08-11,51.95,true
288,74,2024-07-01,48.54,true
392,73,2025-11-03,97.24,false
269,139,2023-11-05,323.37,true
455,136,2025-04-30,275.78,false
6,178,2024-04-09,285.9,true
18,194,2023-06-24,208.19,true
26,71,2026-02-19,346.59,false
404,108,2025-06-06,281.36,true
43,194,2024-12-16,305.46,true
445,50,2026-06-20,30.05,false
333,132,2024-06-11,77.34,false
363,69,2023-08-07,101.04,false
368,143,2024-07-02,74.63,true
13,70,2026-05-09,313.98,false
413,126,2024-09-26,133.89,false
209,35,2023-07-31,93.47,false
96,43,2026-02-23,290.56,false
486,142,2024-05-07,154.03,true
247,3,2025-08-03,148.46,true
441,107,2025-12-15,252.92,true
286,37,2024-11-20,284.21,true
452,190,2025-05-06,79.33,false
390,107,2024-02-14,29.44,true
488,10,2025-06-18,256.71,true
46,141,2026-03-05,32.42,true
451,55,2026-05-29,100.07,false
174,85,2025-10-03,334.37,false
126,190,2025-08-30,208.76,true
445,6,2024-05-17,51.44,false
406,131,2025-09-30,238.03,false
307,105,2024-10-09,337.21,true
386,188,2025-03-13,196.39,true
143,161,2025-07-19,240.85,false
489,50,2025-09-10,124.43,false
50,149,2026-03-16,136.75,false
180,113,2025-12-19,266.41,false
150,127,2026-06-21,194.41,false
298,123,2024-11-01,125.34,false
140,197,2025-10-20,263.06,false
422,31,2025-11-20,115.78,true
415,15,2026-04-05,72.92,false
100,29,2024-09-13,266.84,false
463,12,2025-12-26,116.17,false
400,112,2026-05-24,39.67,true
188,19,2023-09-10,184.69,false
229,84,2024-02-08,233.01,false
488,147,2024-12-27,60.51,false
299,76,2026-03-12,74.52,true
31,8,2023-09-06,82.8,false
207,185,2025-03-08,93.54,false
252,82,2025-12-24,70.85,false
320,52,2023-08-16,39.05,true
127,59,2025-11-17,236.67,false
167,178,2024-04-06,281.79,false
410,148,2026-04-24,283.33,false
190,105,2023-08-14,319.45,true
316,42,2025-12-20,55.5,true
162,57,2023-08-21,287.94,true
378,55,2024-08-06,189.33,false
391,123,2026-02-16,343.15,true
152,102,2023-08-25,220.0,false
51,25,2023-08-08,64.61,false
342,196,2023-12-18,292.91,false
308,60,2025-02-19,258.27,true
55,147,2024-05-05,187.71,true
384,149,2025-05-13,115.85,true
192,90,2023-09-23,56.61,true
477,71,2025-10-06,344.07,false
458,151,2025-05-25,124.93,true
133,119,2024-04-08,231.31,true
66,82,2025-03-06,158.16,false
150,146,2023-06-27,27.64,true
290,2,2025-01-25,179.61,true
187,42,2025-01-05,347.64,true
200,142,2026-03-10,57.39,false
428,133,2025-01-30,196.23,false
330,116,2023-09-10,81.33,false
396,80,2025-12-14,283.86,false
448,11,2026-04-23,273.11,true
271,85,2025-06-28,39.18,false
495,145,2023-07-07,38.12,true
160,60,2025-07-04,256.91,true
4,85,2024-12-28,230.33,true
81,75,2026-01-14,217.83,true
347,166,2026-03-08,240.26,false
127,22,2026-04-30,114.04,false
165,55,2025-06-19,174.03,true
485,183,2026-04-11,191.43,true
332,118,2025-04-05,280.18,true
229,75,2024-11-22,278.64,false
84,72,2026-02-24,190.41,true
228,1,2025-10-30,256.44,false
403,41,2024-12-02,124.35,true
299,75,2025-08-10,279.44,false
497,133,2024-01-13,337.78,true
484,181,2025-09-08,347.53,false
488,46,2025-12-19,227.36,false
434,42,2023-08-03,171.2,true
22,31,2023-07-05,73.53,false
382,165,2025-07-31,168.54,false
82,143,2024-06-22,221.48,true
7,87,2025-04-30,83.51,true
365,83,2025-06-10,117.92,false
387,139,2025-01-11,233.54,false
435,128,2023-09-01,166.99,true
201,79,2026-06-08,199.88,true
319,175,2023-11-24,160.48,false
103,157,2025-12-07,341.44,false
214,163,2025-08-02,271.53,false
492,124,2024-08-16,290.75,true
166,86,2025-03-10,165.51,false
80,160,2026-05-19,47.12,false
277,174,2026-05-23,222.09,false
498,83,2024-12-20,333.73,true
115,51,2025-12-20,136.37,false
161,80,2026-03-17,233.52,false
486,3,2025-03-12,253.76,true
485,143,2026-04-25,145.43,false
127,3,2024-06-26,112.26,false
64,150,2025-12-05,281.14,true
429,17,2023-11-30,313.16,true
311,162,2025-11-07,102.65,false
247,193,2025-03-26,251.08,false
228,119,2023-07-20,279.84,true
41,65,2023-11-12,312.42,false
110,147,2025-04-30,157.62,true
469,120,2023-10-28,295.25,true
176,61,2023-07-08,196.26,true
101,82,2024-06-11,188.22,false
365,147,2025-10-17,105.13,false
152,37,2024-02-05,46.72,true
119,53,2025-10-18,189.48,true
395,63,2025-05-10,29.7,false
154,180,2024-04-26,241.59,false
1,139,2024-02-07,183.1,false
111,117,2024-07-21,62.98,true
256,14,2024-08-07,43.18,false
38,154,2026-05-15,181.57,true
307,129,2024-06-03,317.35,true
234,80,2026-01-04,35.64,true
171,128,2025-01-28,260.7,false
423,180,2024-01-03,294.82,false
384,93,2025-07-24,163.24,true
2,125,2026-05-26,93.48,true
13,6,2025-08-08,63.25,false
273,195,2024-10-18,322.95,false
312,127,2024-10-29,288.61,true
381,171,2026-04-15,255.56,false
213,20,2026-04-25,164.63,true
196,194,2026-04-13,58.05,false
100,147,2024-09-12,166.59,true
111,104,2024-11-26,243.57,false
140,3,2024-10-12,159.16,false
188,198,2025-08-05,336.0,false
108,81,2024-02-16,309.21,false
108,56,2026-05-20,33.17,true
412,54,2025-08-29,30.75,true
295,42,2024-10-26,256.11,false
305,168,2023-10-08,233.41,false
356,120,2023-06-26,232.15,false
299,148,2023-08-29,270.83,true
379,21,2023-07-02,77.76,false
178,146,2023-07-01,243.2,true
62,57,2024-12-12,216.9,false
84,116,2024-07-14,178.13,false
79,148,2026-04-07,42.78,false
336,145,2025-11-19,307.53,false
90,133,2024-10-18,313.23,true
154,144,2024-05-27,262.06,false
143,127,2025-02-10,174.78,true
330,184,2025-04-01,42.52,false
360,86,2025-10-28,231.99,false
396,42,2025-12-15,150.37,true
8,57,2024-11-27,274.32,true
369,46,2024-11-26,136.29,false
101,161,2024-10-07,338.67,false
344,2,2024-02-28,53.21,true
88,92,2024-01-10,120.05,false
347,85,2024-04-20,242.11,true
457,14,2025-03-27,119.6,true
340,68,2025-09-16,94.79,true
14,183,2024-10-05,141.21,true
21,146,2024-01-28,74.49,false
397,67,2026-02-22,164.7,true
100,144,2024-09-07,172.72,true
208,64,2023-07-31,32.8,true
366,147,2025-03-24,59.38,true
279,116,2023-07-03,279.68,true
211,52,2025-01-15,116.0,false
324,73,2023-09-24,153.27,false
409,43,2025-06-21,132.11,true
32,185,2023-10-12,179.13,false
276,37,2024-11-23,169.51,false
20,12,2025-05-03,57.23,true
388,148,2025-11-10,193.08,false
428,168,2024-05-23,227.25,true
337,2,2026-04-25,346.53,true
358,87,2023-10-25,169.29,true
314,100,2024-03-29,295.01,false
40,77,2023-11-10,202.45,true
162,142,2024-05-03,142.38,true
257,69,2026-01-02,271.58,false
287,106,2026-05-09,331.92,true
292,146,2025-08-22,152.24,true
76,175,2023-11-02,249.57,true
367,196,2026-03-05,72.51,true
32,95,2024-01-27,146.83,false
225,143,2025-02-04,345.0,true
81,69,2023-11-08,268.38,true
1,97,2025-02-03,244.61,false
328,6,2024-11-25,247.45,true
255,40,2025-02-27,163.74,false
377,31,2024-05-17,102.1,true
21,102,2024-03-05,267.98,false
277,111,2023-12-08,285.74,false
297,23,2023-12-24,121.44,false
31,106,2025-08-05,30.59,true
220,80,2024-01-23,29.5,true
336,191,2024-03-10,221.32,false
317,108,2024-05-09,68.37,true
491,189,2025-02-11,41.38,true
112,175,2024-07-03,85.67,false
100,119,2026-04-28,30.22,false
416,15,2025-01-15,38.35,true
147,110,2024-03-07,295.98,true
260,11,2026-03-27,305.63,true
297,181,2025-08-17,57.35,true
374,10,2025-01-26,273.51,true
457,161,2023-09-27,102.76,true
79,119,2023-08-21,68.95,false
315,83,2026-05-14,145.75,false
374,26,2025-08-15,307.76,true
359,128,2025-07-04,236.74,true
82,107,2023-09-04,133.2,true
425,180,2023-11-24,215.02,false
252,130,2023-07-11,78.25,true
183,114,2025-07-12,318.68,false
11,133,2025-03-09,345.82,true
56,91,2026-03-16,75.57,true
71,5,2025-07-15,340.03,true
12,11,2023-11-02,205.41,false
48,22,2024-08-25,163.75,true
344,175,2024-06-16,326.15,false
29,61,2023-08-02,194.23,true
127,124,2024-08-18,234.47,false
53,12,2024-05-17,142.71,true
110,6,2025-12-09,222.1,false
317,186,2026-01-01,92.68,true
387,125,2023-10-07,211.65,false
190,150,2025-10-11,199.46,false
398,79,2025-05-18,79.56,true
204,127,2023-08-07,227.44,true
471,49,2025-01-28,86.94,true
117,45,2025-01-21,132.67,false
439,174,2023-07-01,332.97,false
113,59,2024-02-11,71.05,false
392,69,2024-01-20,52.26,true
208,166,2025-05-05,105.45,true
145,138,2024-03-05,53.76,false
480,116,2025-02-12,143.93,false
141,171,2026-05-18,189.13,false
31,18,2023-12-10,254.34,false
128,61,2023-07-21,168.12,true
115,112,2026-03-24,195.33,true
440,51,2026-06-08,301.15,false
230,155,2024-06-19,254.7,false
37,186,2024-10-07,35.76,true
494,187,2025-07-12,225.15,true
457,144,2024-12-18,37.95,true
360,52,2023-11-27,122.53,false
163,189,2025-10-02,188.21,true
34,8,2026-03-29,277.21,true
269,180,2026-05-20,348.16,false
21,23,2024-11-17,123.21,false
158,68,2026-01-28,161.88,false
42,152,2024-07-29,163.14,false
384,78,2023-10-16,325.12,false
144,50,2025-05-02,278.5,true
392,95,2025-09-11,164.76,true
78,95,2025-11-02,241.05,true
247,73,2024-01-08,236.18,true
126,124,2026-06-06,130.06,true
415,28,2025-06-22,285.62,false
205,73,2024-01-27,244.38,false
40,30,2025-10-09,162.95,false
231,47,2025-10-06,123.23,false
120,100,2026-05-07,346.73,true
407,94,2025-11-25,98.85,true
292,20,2023-11-16,138.6,false
338,104,2025-03-02,186.54,false
390,148,2024-07-16,28.03,false
387,167,2023-10-11,281.45,false
315,52,2024-08-26,169.65,true
411,72,2025-10-08,242.48,false
256,120,2024-10-17,192.92,true
293,190,2025-12-22,124.8,true
176,134,2024-03-24,60.25,false
290,121,2024-04-21,119.85,true
248,60,2026-03-24,316.12,true
414,118,2025-07-29,56.47,false
500,148,2026-02-16,322.2,true
201,118,2026-02-07,294.18,true
160,49,2026-03-17,107.77,false
372,73,2025-02-08,300.39,true
205,4,2023-07-27,37.28,true
106,195,2024-02-29,152.72,false
199,32,2025-11-04,244.92,false
32,65,2024-05-13,64.39,false
109,85,2023-07-05,300.22,true
173,112,2025-02-18,268.25,true
430,159,2025-09-20,52.79,false
111,74,2026-02-28,240.06,true
497,142,2024-10-10,131.34,true
315,12,2023-09-14,80.16,true
385,119,2023-07-18,108.3,false
151,20,2025-08-07,330.5,true
193,72,2024-08-05,110.51,true
19,64,2024-12-26,203.58,true
124,9,2023-11-17,157.26,true
91,126,2025-12-29,123.54,true
94,79,2024-07-30,106.42,false
300,97,2026-05-25,348.46,true
206,65,2024-01-06,51.48,false
41,36,2024-10-23,286.7,true
13,1,2025-10-30,276.72,true
61,83,2024-03-08,100.47,true
14,79,2024-07-28,335.79,true
350,189,2025-07-31,267.3,true
107,171,2026-03-20,90.92,false
89,26,2023-10-06,107.83,false
277,118,2026-05-25,115.71,true
189,137,2024-03-11,194.55,true
391,69,2025-06-02,53.4,false
187,115,2025-06-20,272.68,false
471,80,2024-07-17,89.1,false
216,81,2023-11-28,325.15,false
220,128,2025-10-01,226.43,true
310,54,2024-05-01,32.8,false
338,54,2023-09-22,223.26,false
285,179,2023-11-12,123.97,true
6,75,2026-04-27,66.56,true
434,94,2026-06-13,256.75,false
113,190,2026-04-24,125.33,false
372,199,2025-07-24,167.9,true
388,1,2024-01-31,301.6,true
454,73,2024-10-07,139.94,false
484,3,2025-10-14,148.34,true
359,14,2025-05-28,265.72,true
325,187,2024-12-13,343.97,true
169,114,2024-05-14,275.5,false
47,193,2025-12-22,105.72,true
217,184,2024-06-04,185.7,true
102,174,2023-08-08,221.21,false
88,94,2023-07-24,292.96,false
46,57,2025-10-02,55.08,true
182,168,2024-05-06,64.12,true
299,175,2026-03-03,110.83,false
335,67,2024-10-22,250.26,false
116,180,2025-03-27,271.17,false
94,53,2026-05-31,158.96,true
260,65,2025-10-17,152.23,true
283,106,2025-08-10,234.75,false
222,174,2023-06-22,58.14,false
229,109,2024-03-25,317.01,true
213,56,2024-01-04,334.1,true
200,143,2025-04-30,143.66,false
160,100,2023-08-02,328.99,false
459,6,2025-04-30,249.54,true
301,17,2023-07-02,39.42,false
483,147,2025-08-03,156.91,true
67,55,2025-10-06,209.41,true
107,39,2025-12-18,288.84,false
113,83,2024-02-26,29.7,false
258,173,2025-11-09,283.54,true
490,130,2025-11-17,119.64,false
424,42,2025-11-05,107.38,true
49,41,2026-04-28,215.41,false
131,79,2026-03-23,189.75,true
352,13,2025-12-25,124.95,true
59,177,2023-10-06,76.01,true
249,66,2024-03-02,79.11,false
346,111,2024-02-05,222.97,true
137,122,2024-05-22,86.75,true
142,190,2026-04-06,325.89,false
30,81,2025-10-22,280.93,false
61,166,2025-04-25,243.0,false
445,106,2025-01-02,91.83,false
123,42,2024-04-17,200.57,true
99,187,2023-10-11,183.04,false
124,157,2024-02-15,216.62,true
57,2,2023-11-27,69.34,false
125,163,2024-01-14,256.01,true
138,58,2026-04-29,36.55,false
164,15,2024-07-19,192.35,true
372,116,2026-03-12,287.02,false
319,187,2024-01-25,67.5,false
218,119,2023-08-24,91.05,true
303,172,2023-10-02,35.87,true
465,15,2023-07-08,252.1,true
75,73,2024-09-17,34.9,true
111,165,2026-05-01,216.02,true
303,120,2026-03-18,140.24,true
424,14,2024-12-16,216.83,true
434,20,2025-10-05,340.36,false
454,2,2025-06-04,161.85,false
208,148,2026-01-22,68.2,true
95,22,2025-03-15,344.34,false
143,56,2023-09-30,317.87,false
216,31,2023-10-01,117.75,true
288,117,2023-12-18,224.24,true
126,81,2023-10-17,249.4,false
5,54,2025-12-22,236.19,true
136,154,2025-05-22,52.41,true
458,153,2023-07-08,301.74,true
425,149,2025-07-25,107.97,true
89,93,2024-08-19,290.22,false
201,45,2023-12-21,283.66,true
251,38,2023-12-27,296.9,false
272,71,2024-04-08,55.71,false
466,143,2025-03-20,157.79,false
86,123,2026-03-25,288.1,false
171,32,2024-05-12,140.44,true
223,19,2025-10-14,77.23,true
89,185,2024-03-22,229.39,false
115,42,2024-12-01,347.44,false
422,146,2026-01-26,298.25,false
447,73,2025-12-07,133.73,true
462,125,2025-10-24,25.63,true
415,168,2025-01-04,212.65,true
190,195,2023-08-05,267.51,true
352,106,2025-07-14,330.98,false
213,86,2026-04-22,75.41,true
202,130,2024-09-14,287.79,true
357,117,2025-11-23,267.69,false
428,61,2025-06-07,182.85,false
206,104,2024-12-03,201.88,true
155,106,2025-11-15,331.02,true
473,154,2025-12-13,287.94,true
186,127,2025-11-17,254.45,true
479,115,2025-04-22,297.94,false
17,71,2023-09-17,65.67,true
233,139,2025-05-11,146.49,true
496,11,2025-08-09,73.92,true
265,180,2026-03-04,335.92,false
179,20,2025-12-30,347.88,false
144,11,2024-12-23,147.47,false
3,195,2024-07-23,321.61,false
411,144,2025-12-04,330.49,false
245,137,2025-05-14,45.37,true
500,30,2026-04-15,59.43,false
18,170,2024-07-19,338.73,true
140,148,2026-01-25,206.83,true
134,164,2025-02-20,207.74,true
226,190,2026-02-04,229.77,true
266,40,2026-02-17,28.75,false
162,91,2023-11-24,102.6,true
496,117,2025-06-10,50.0,true
231,69,2024-09-11,100.69,false
296,148,2025-03-26,327.73,true
296,99,2026-01-01,244.65,true
18,169,2024-10-06,85.66,false
399,54,2025-01-22,81.61,true
302,34,2024-11-29,105.72,true
89,143,2024-03-14,74.52,false
288,196,2023-08-12,123.23,true
155,107,2023-12-25,184.41,true
53,85,2026-02-13,126.45,true
41,19,2025-06-02,94.87,true
191,93,2023-08-11,229.16,true
467,134,2024-08-26,279.35,false
144,79,2023-10-09,118.72,true
300,155,2024-07-21,48.77,true
488,139,2024-10-30,177.21,true
433,163,2026-02-16,30.42,true
277,133,2023-08-19,119.52,true
143,68,2024-05-28,76.7,false
451,8,2024-11-03,33.68,false
223,52,2026-05-06,90.96,false
471,79,2025-03-25,149.32,false
151,107,2026-04-29,102.39,true
307,161,2024-03-23,213.37,true
316,12,2025-11-11,348.25,false
452,19,2023-12-13,83.25,false
387,40,2023-10-12,286.01,false
14,183,2025-04-16,305.95,false
237,118,2024-09-09,310.09,true
3,112,2025-09-01,239.22,true
491,31,2026-06-08,262.72,true
189,34,2024-09-23,284.51,true
170,133,2024-01-11,160.35,false
437,66,2023-07-27,176.71,true
497,63,2025-02-09,102.76,true
104,194,2023-07-18,254.54,false
194,75,2025-11-11,222.06,true
228,25,2024-04-15,73.63,false
363,105,2024-04-28,158.9,false
307,9,2024-07-06,81.97,false
88,105,2025-12-18,286.4,false
430,31,2026-01-30,158.68,true
268,102,2024-03-28,101.68,true
119,124,2025-06-21,271.21,true
104,104,2026-01-17,87.78,true
79,166,2025-02-28,177.35,false
120,125,2023-08-29,86.57,true
247,193,2025-10-15,49.03,true
322,198,2024-03-29,76.4,false
276,28,2024-07-13,27.6,true
443,10,2025-04-10,241.12,false
197,6,2024-10-29,278.67,false
311,153,2024-12-08,228.69,false
11,196,2026-03-03,36.82,false
233,164,2026-05-29,202.37,false
240,116,2024-11-15,128.61,true
142,163,2026-03-08,118.15,false
283,120,2024-07-02,196.96,false
89,77,2024-08-30,297.51,true
163,100,2025-10-13,206.85,false
272,104,2026-01-31,322.77,false
255,46,2023-09-08,330.22,true
289,44,2023-12-02,82.77,false
396,148,2025-09-17,322.28,true
14,92,2024-03-17,81.93,true
326,1,2023-12-28,257.87,true
128,83,2025-10-28,137.83,false
150,122,2024-04-08,221.71,true
240,190,2026-02-15,63.22,false
451,151,2023-12-02,32.07,true
139,182,2025-03-28,47.12,false
26,128,2023-10-11,275.77,true
474,144,2025-02-08,144.75,false
41,174,2025-06-02,107.72,false
370,29,2026-02-26,306.63,true
277,147,2024-09-27,247.06,true
221,93,2025-06-19,242.48,true
53,77,2024-12-21,265.51,true
243,53,2024-07-31,44.33,false
480,95,2023-07-08,114.14,true
356,122,2024-05-02,37.13,false
191,79,2025-03-23,206.44,false
312,57,2024-07-02,255.8,true
264,43,2023-07-05,81.4,false
125,48,2023-09-24,181.04,false
189,134,2024-04-21,186.73,false
441,94,2025-11-04,60.63,false
45,54,2025-11-01,30.99,false
173,175,2026-05-01,114.42,false
22,149,2024-08-19,57.98,false
416,174,2023-08-15,94.21,false
382,74,2023-07-21,129.99,true
213,189,2026-02-07,51.5,true
413,190,2025-03-25,249.42,false
39,31,2025-07-17,292.13,false
210,63,2024-08-25,199.11,true
88,45,2024-09-05,168.7,true
438,124,2023-09-03,161.75,false
426,200,2024-04-15,135.7,true
442,138,2025-07-31,204.21,false
421,188,2024-09-14,247.98,true
28,56,2024-04-30,308.51,false
36,163,2023-08-16,98.9,false
119,74,2024-08-08,206.4,true
359,74,2025-06-06,336.55,false
144,94,2024-04-05,213.87,false
375,100,2023-11-09,292.32,false
113,90,2024-07-09,169.01,false
396,71,2023-09-27,246.38,false
303,47,2026-03-27,212.82,true
289,191,2024-03-29,194.1,true
90,168,2024-01-15,349.48,true
202,25,2024-10-11,194.22,false
344,121,2023-06-28,53.69,true
24,114,2026-03-10,241.77,false
367,11,2023-08-30,296.8,false
348,153,2025-11-28,347.75,false
461,73,2023-12-22,208.72,false
394,189,2025-01-21,338.32,true
381,164,2025-04-10,192.41,true
2,151,2026-02-11,250.81,false
180,152,2026-01-27,237.33,false
298,166,2026-05-30,236.92,true
3,69,2025-07-05,331.24,true
474,114,2024-01-20,114.21,true
473,130,2025-05-08,317.21,false
309,45,2026-05-10,258.93,true
305,59,2024-04-25,337.57,false
75,125,2024-10-28,85.63,false
243,95,2024-04-19,116.32,false
147,41,2024-09-12,285.23,true
274,49,2024-07-13,104.85,true
460,20,2025-01-24,125.91,false
281,86,2024-01-11,196.08,true
470,117,2025-10-27,343.33,false
434,4,2025-04-24,286.58,false
115,93,2025-06-26,116.72,true
371,40,2025-05-16,65.09,true
390,31,2026-05-28,290.7,false
371,175,2024-07-28,85.14,false
279,182,2023-12-22,37.15,true
125,95,2024-06-20,183.0,false
380,46,2024-06-11,323.65,false
84,66,2024-06-07,277.15,false
435,17,2024-12-22,65.05,true
340,47,2025-04-23,61.68,true
340,122,2024-05-12,317.62,true
159,69,2025-09-21,312.65,false
429,166,2025-05-17,110.17,false
370,116,2026-03-15,47.86,false
101,82,2025-11-11,278.54,true
364,79,2026-05-31,173.69,true
73,14,2023-10-06,263.24,true
186,67,2024-08-07,275.93,false
76,19,2026-03-27,286.18,true
38,5,2025-10-25,33.7,true
93,21,2024-02-21,255.7,true
428,78,2025-09-20,46.41,false
430,151,2026-02-09,78.85,true
484,125,2023-12-17,50.01,false
333,168,2024-09-16,332.87,true
313,178,2024-08-06,73.24,true
68,197,2023-09-09,245.49,false
209,166,2026-04-13,104.56,false
232,119,2025-06-29,215.45,false
166,80,2026-05-12,95.06,false
393,86,2024-02-12,326.81,true
26,46,2024-04-10,269.79,false
170,34,2024-05-16,123.65,false
316,93,2025-03-02,34.52,true
31,105,2024-11-02,287.63,true
337,8,2023-07-02,334.35,true
138,181,2026-01-17,45.71,true
374,160,2025-07-06,103.6,true
315,93,2025-08-14,101.01,true
276,142,2025-02-01,310.08,false
432,122,2024-11-01,34.65,true
51,147,2025-02-06,315.44,false
5,181,2024-04-02,78.75,true
50,53,2025-10-27,302.18,false
24,148,2025-12-20,287.9,false
111,117,2026-04-16,29.6,true
435,38,2023-06-24,142.83,false
48,102,2024-08-18,346.59,true
227,8,2024-12-02,150.67,false
319,122,2024-07-07,72.03,true
311,39,2025-05-02,317.37,false
4,183,2025-11-25,188.38,true
471,3,2023-12-09,249.52,true
51,102,2024-10-16,331.33,false
448,143,2024-07-27,209.96,true
237,117,2024-06-22,88.82,true
353,20,2025-12-06,138.91,true
256,93,2024-08-26,230.45,false
213,131,2025-05-21,143.18,true
230,164,2023-07-19,230.34,false
294,32,2024-05-01,344.74,true
27,9,2024-02-23,337.48,false
154,14,2025-01-27,278.36,false
354,19,2025-10-16,212.14,false
18,130,2025-09-28,30.41,true
267,1,2024-10-07,96.04,true
354,8,2024-10-15,338.62,true
193,44,2025-02-19,148.21,true
234,36,2025-01-21,229.4,true
84,69,2023-11-17,299.04,true
351,141,2025-07-25,111.28,false
367,70,2025-01-20,44.98,true
89,142,2024-12-19,145.75,true
209,105,2026-04-19,103.04,false
223,95,2024-10-19,99.11,true
237,143,2025-11-18,326.46,true
99,142,2024-11-27,100.78,false
42,80,2025-08-23,31.41,false
465,77,2026-04-08,83.6,false
469,82,2025-12-31,234.77,false
67,39,2023-08-06,79.91,false
179,117,2026-04-05,256.13,true
122,174,2024-02-19,32.02,false
496,45,2024-04-02,59.08,false
426,190,2024-05-24,50.78,false
215,118,2025-10-01,70.68,false
500,157,2024-05-24,153.07,true
52,165,2026-03-28,29.56,true
178,94,2025-06-12,157.65,true
403,41,2026-02-01,320.32,true
457,46,2026-05-22,291.72,false
435,159,2024-02-16,289.38,false
166,180,2026-05-09,61.26,true
367,19,2025-01-13,238.24,false
143,107,2023-07-16,110.91,true
144,106,2024-07-31,254.53,false
425,134,2026-03-16,66.98,false
396,34,2023-08-02,289.12,false
294,44,2023-11-06,325.33,false
55,67,2024-12-25,290.47,true
2,183,2024-06-30,131.66,true
414,183,2023-12-30,340.38,true
72,45,2025-06-28,246.26,true
117,93,2025-10-22,338.35,true
443,167,2025-01-30,34.73,false
266,187,2024-08-15,240.14,true
298,123,2025-08-19,75.31,true
35,79,2023-08-18,333.15,false
384,101,2024-07-07,37.97,true
60,106,2024-04-27,145.43,false
163,85,2024-12-15,304.81,true
241,190,2024-01-16,231.07,true
21,159,2025-05-05,28.54,true
243,117,2025-03-25,110.81,true
270,1,2026-03-21,175.79,true
18,86,2025-10-30,119.56,true
245,118,2024-09-14,62.12,true
215,174,2024-12-10,67.65,true
218,187,2026-06-17,146.05,false
176,131,2023-08-12,178.77,false
156,95,2023-12-28,134.67,true
148,118,2025-12-15,34.37,true
110,135,2025-06-02,331.68,true
326,105,2025-08-13,294.45,false
400,14,2025-09-05,315.36,false
199,52,2026-01-09,226.22,true
351,67,2026-04-25,162.98,false
355,152,2023-11-28,79.32,true
150,51,2025-07-30,60.18,false
208,69,2026-01-29,81.79,false
154,129,2025-07-27,51.03,false
433,129,2026-04-16,75.38,true
438,154,2025-09-28,311.29,false
305,30,2025-04-29,268.72,true
178,54,2023-12-19,175.14,true
356,37,2025-05-15,154.07,false
271,123,2024-11-15,231.29,false
287,139,2025-02-05,50.24,false
197,50,2024-07-03,32.59,true
240,182,2024-09-05,168.48,true
192,97,2026-03-14,54.94,true
305,168,2023-12-23,258.22,true
242,74,2023-12-09,151.62,true
95,49,2024-09-19,279.32,false
289,144,2023-11-19,333.11,true
274,123,2025-06-02,131.56,false
256,149,2026-02-13,266.28,false
46,13,2024-10-19,217.36,false
304,174,2023-12-10,337.96,true
239,198,2025-10-31,69.53,false
281,6,2024-09-07,322.86,false
28,92,2024-04-25,79.7,true
344,87,2023-07-12,124.45,false
367,170,2024-03-30,312.73,false
19,86,2024-05-03,141.55,true
361,54,2024-02-15,176.6,true
8,26,2023-09-21,340.63,false
193,141,2023-10-31,229.63,true
27,7,2025-09-17,270.26,false
356,71,2023-11-19,26.34,true
477,175,2024-12-17,79.41,true
84,108,2023-09-03,35.97,true
227,1,2026-04-08,42.87,false
134,83,2024-12-31,264.25,true
324,75,2025-10-26,316.82,false
275,11,2024-10-13,79.91,false
456,95,2023-09-03,176.91,true
447,38,2024-06-30,34.89,false
293,44,2026-06-16,294.83,false
67,96,2025-03-09,62.65,false
368,78,2024-01-25,54.02,true
225,93,2025-02-16,267.47,false
1,116,2023-11-11,218.97,false
446,40,2024-03-09,62.28,false
432,101,2024-11-14,39.66,true
360,50,2025-01-13,195.34,false
147,87,2023-10-02,234.15,true
476,116,2026-01-16,135.44,false
50,66,2024-05-06,155.48,false
125,27,2025-11-28,108.71,true
201,92,2024-07-22,172.34,false
116,21,2023-06-24,238.51,false
485,1,2024-04-15,167.64,false
103,110,2023-11-13,62.79,true
427,171,2024-11-23,206.26,false
209,182,2024-12-14,195.86,false
254,23,2024-07-05,137.04,false
460,94,2024-12-04,57.22,true
424,40,2025-10-20,80.7,true
421,69,2023-10-12,29.4,false
238,121,2023-07-10,250.0,true
421,77,2026-02-07,154.43,false
8,13,2024-04-27,207.18,true
38,100,2025-03-17,168.87,false
244,34,2023-11-10,117.72,false
366,30,2025-11-09,348.47,false
212,105,2023-08-19,123.67,true
306,122,2025-06-27,241.91,false
385,155,2024-11-12,126.37,true
376,114,2025-02-17,253.88,true
313,45,2024-03-24,271.64,false
310,143,2024-07-06,327.55,false
214,35,2023-11-01,94.7,false
98,83,2025-09-03,50.44,false
436,124,2024-07-21,184.41,false
355,195,2025-04-08,238.62,false
158,148,2024-03-27,250.01,false
309,182,2025-07-16,107.42,true
344,135,2024-03-30,235.47,true
10,34,2023-06-30,239.95,true
81,83,2024-07-13,260.29,false
162,84,2024-07-16,200.06,false
419,87,2025-03-20,95.89,false
350,94,2024-10-29,189.83,true
407,34,2023-10-28,96.81,false
37,22,2024-11-04,311.66,false
79,161,2023-09-26,29.11,true
50,188,2024-06-28,296.96,true
74,124,2024-08-02,75.79,false
393,199,2025-12-26,249.66,false
319,188,2025-10-11,161.89,true
63,28,2024-01-01,347.83,true
421,107,2025-10-20,153.43,false
116,199,2026-03-29,93.37,true
403,125,2025-04-08,242.54,true
62,181,2023-12-07,196.45,false
100,95,2024-09-05,120.14,true
135,128,2024-09-07,145.73,true
221,2,2025-01-03,97.12,false
109,32,2024-03-14,127.2,true
88,159,2025-11-18,47.18,true
493,48,2024-10-31,27.11,true
472,175,2025-01-27,130.19,false
276,15,2025-04-24,201.6,false
448,138,2024-11-04,81.48,false
445,142,2026-05-31,260.31,false
317,140,2024-01-06,138.87,true
416,195,2025-10-19,313.04,false
437,53,2025-06-16,180.11,false
299,75,2024-09-15,282.65,true
472,155,2025-06-05,330.24,false
8,82,2025-04-05,124.39,false
481,93,2026-02-10,106.66,true
318,143,2025-05-14,252.01,true
405,37,2024-03-29,311.69,false
450,180,2024-06-19,80.01,true
487,56,2024-06-24,228.24,true
444,11,2025-07-04,311.61,false
90,198,2026-02-21,254.59,true
185,194,2025-10-15,42.96,false
469,57,2024-03-25,298.78,false
391,179,2024-02-29,204.73,true
401,100,2025-06-02,37.68,false
41,52,2025-11-06,35.29,false
495,112,2024-04-28,203.72,false
50,85,2025-09-26,41.24,true
339,142,2024-11-29,240.32,false
458,182,2024-03-17,59.62,true
210,17,2023-07-05,309.26,true
433,116,2025-11-01,191.98,true
249,84,2023-08-25,311.2,true
83,75,2024-09-17,45.55,true
343,168,2025-03-25,277.84,false
8,52,2025-11-15,175.41,true
463,20,2025-10-18,189.08,false
338,131,2025-05-13,148.47,false
211,26,2023-11-24,100.99,false
449,114,2026-03-29,286.16,false
368,12,2025-03-28,279.0,false
22,130,2025-04-10,87.83,true
261,34,2024-11-26,101.26,false
401,69,2026-02-06,232.32,true
11,22,2024-07-12,170.07,true
45,194,2024-10-20,338.39,false
225,67,2026-04-01,190.39,true
496,20,2025-04-08,200.79,false
258,44,2025-04-28,325.5,true
479,107,2026-03-22,156.49,true
479,190,2025-10-06,206.62,true
99,41,2025-10-21,144.8,false
335,92,2025-07-23,183.42,false
69,190,2023-11-26,293.42,true
73,63,2024-02-02,82.56,true
164,185,2024-10-28,257.15,false
86,128,2024-06-08,118.2,false
216,145,2023-07-04,86.62,false
244,93,2024-09-13,214.76,false
382,104,2025-06-19,32.5,true
350,128,2024-10-19,108.39,false
438,179,2024-04-20,86.13,true
357,101,2023-10-11,86.66,false
427,159,2025-10-11,278.45,true
405,198,2024-11-19,148.37,true
385,46,2026-02-23,229.22,false
276,113,2023-11-26,89.09,true
344,118,2026-02-11,56.09,true
55,160,2025-05-23,82.8,true
17,61,2025-01-14,326.81,false
63,49,2025-12-30,80.71,true
202,93,2024-02-12,217.05,false
255,40,2024-07-18,49.67,false
467,52,2023-08-19,170.98,false
278,29,2023-08-22,338.12,false
107,9,2026-03-24,236.78,false
476,30,2023-09-20,231.21,true
206,104,2025-05-22,66.15,true
134,36,2024-09-29,201.8,true
96,165,2025-11-29,266.64,true
241,107,2025-04-11,95.34,false
349,199,2025-03-13,148.41,false
267,19,2024-01-06,119.18,true
500,87,2023-08-28,236.2,false
110,73,2024-12-07,189.21,true
79,143,2024-04-06,236.9,false
221,69,2024-05-17,319.4,false
75,50,2024-04-26,56.01,true
324,87,2024-01-27,257.29,true
182,73,2025-04-06,75.86,false
202,64,2024-08-06,96.53,false
425,69,2025-10-03,334.95,true
403,175,2025-11-05,212.29,false
450,117,2024-09-02,241.28,true
209,155,2025-03-06,341.91,true
31,127,2024-04-24,69.38,false
141,185,2024-03-31,127.18,false
393,190,2025-12-08,131.02,true
84,40,2024-05-22,204.27,true
48,171,2025-07-03,43.68,false
421,66,2024-09-06,34.0,false
168,172,2024-11-09,296.4,true
240,71,2025-05-08,66.05,false
257,72,2025-01-02,151.44,true
98,60,2026-04-18,330.73,false
295,5,2023-12-24,320.59,false
428,43,2026-04-28,244.69,false
435,114,2025-04-10,320.63,false
473,73,2026-04-16,55.8,true
181,55,2024-02-14,244.93,true
338,104,2024-03-23,310.29,false
333,129,2026-01-08,96.98,false
269,38,2024-11-10,167.32,false
184,109,2025-02-25,59.68,true
436,86,2025-11-07,342.99,true
440,190,2024-06-15,243.67,false
208,134,2024-06-25,157.11,true
336,107,2025-03-28,250.24,true
23,187,2023-07-13,144.83,true
382,51,2025-04-25,265.87,false
214,32,2025-11-10,263.25,false
214,109,2025-12-25,162.33,true
72,81,2024-07-04,103.86,true
161,24,2025-11-24,192.22,true
157,65,2025-09-22,47.59,false
8,119,2023-09-06,229.27,false
132,62,2026-05-18,343.82,false
182,195,2025-04-13,150.46,false
352,188,2026-01-08,343.95,false
254,156,2025-06-04,341.15,false
368,56,2024-03-22,195.69,true
412,126,2026-05-12,190.63,true
277,28,2024-10-01,173.07,false
381,35,2025-04-23,242.34,false
490,81,2024-05-18,74.82,true
260,50,2024-08-09,319.24,false
76,176,2024-01-05,161.51,true
191,94,2025-12-09,82.84,true
105,182,2024-03-02,26.47,true
178,52,2024-07-11,104.3,false
341,61,2023-12-18,152.16,true
338,14,2025-04-01,164.44,false
301,35,2025-01-05,93.7,false
274,173,2024-05-21,268.37,true
135,171,2023-09-11,52.56,false
273,56,2023-09-25,213.11,false
159,124,2023-12-31,304.5,true
362,3,2025-01-05,242.47,false
214,123,2025-10-12,207.56,true
123,163,2024-09-11,94.45,false
373,195,2025-07-08,278.85,true
57,86,2023-06-22,306.78,false
372,199,2024-05-31,288.94,false
189,161,2024-05-07,192.16,true
448,56,2025-06-27,332.79,false
414,14,2025-07-03,91.37,true
316,85,2024-03-16,26.04,true
362,105,2026-05-23,349.41,true
1,43,2024-04-29,262.86,true
85,59,2024-12-29,325.52,true
219,116,2025-06-05,171.26,true
441,101,2026-05-02,276.85,true
286,26,2024-08-17,230.07,false
53,13,2023-08-28,169.3,false
296,2,2024-11-10,335.85,false
267,21,2025-05-21,120.92,false
443,65,2025-04-25,293.29,false
36,3,2024-06-13,305.54,false
4,157,2024-10-16,266.55,true
312,161,2023-12-10,187.43,true
431,87,2024-03-09,90.36,false
130,2,2024-09-14,194.62,true
151,63,2024-09-17,129.32,true
66,185,2025-03-16,347.49,false
95,130,2025-12-04,300.55,true
339,113,2025-05-05,262.82,false
436,71,2024-02-26,190.11,false
48,17,2026-04-22,319.94,false
214,124,2026-01-30,85.33,true
217,124,2025-05-22,132.6,true
120,20,2024-02-20,81.64,false
440,166,2024-11-05,59.72,true
271,1,2023-08-28,156.2,false
447,199,2025-12-31,68.56,false
287,87,2024-05-29,201.38,false
432,65,2024-04-29,285.94,false
261,97,2024-09-30,232.66,true
421,192,2025-07-18,309.54,true
323,41,2023-12-04,184.22,false
278,189,2024-03-09,116.65,false
14,40,2024-08-16,315.34,true
46,122,2025-01-16,47.41,true
127,181,2025-06-27,255.13,true
319,31,2026-01-15,298.42,true
423,123,2025-01-06,122.23,false
486,148,2024-03-28,256.76,true
226,39,2023-12-30,96.21,true
192,107,2023-09-14,297.87,true
351,13,2024-03-01,347.66,false
156,120,2025-10-31,332.91,false
149,144,2025-10-16,277.42,false
413,116,2025-01-28,43.3,false
327,113,2024-06-21,25.35,false
236,54,2024-01-07,122.57,true
101,113,2024-06-09,162.84,false
440,119,2026-02-13,90.84,true
365,107,2026-04-25,310.25,false
30,131,2025-03-24,131.01,true
478,52,2026-02-16,80.81,true
500,42,2023-11-27,30.36,false
119,124,2026-01-23,329.55,true
154,40,2024-04-29,337.61,true
449,99,2024-05-07,349.11,true
240,163,2025-08-07,249.41,true
170,116,2023-10-15,143.96,false
78,133,2025-11-21,231.84,false
116,169,2023-08-24,304.52,true
244,25,2023-06-24,327.85,false
157,172,2024-01-02,181.52,true
468,132,2024-09-14,297.0,true
299,186,2024-10-01,95.88,false
267,86,2025-06-25,174.21,false
123,148,2023-12-16,192.95,true
115,82,2025-01-05,278.31,false
131,45,2025-07-30,73.74,false
218,74,2024-11-15,208.71,false
109,80,2025-12-03,159.25,true
142,179,2025-06-21,176.17,true
226,175,2026-05-19,315.31,true
217,154,2025-01-27,236.51,true
481,72,2025-02-27,284.76,true
354,107,2025-03-01,33.38,false
157,40,2024-09-03,328.67,true
308,57,2023-07-23,102.64,false
425,85,2025-06-10,215.04,false
85,99,2024-07-14,58.62,false
78,119,2024-02-25,203.21,false
68,78,2026-04-18,121.76,false
364,121,2026-02-07,212.35,false
395,50,2026-03-28,68.61,false
472,137,2025-10-28,81.67,false
251,7,2024-05-11,116.89,false
118,182,2024-03-07,344.32,false
129,166,2026-03-18,141.32,true
124,69,2025-04-13,207.7,false
326,186,2024-01-17,173.68,false
35,198,2025-04-10,295.59,true
182,65,2024-01-24,69.73,false
138,15,2025-06-28,145.34,true
265,1,2024-06-11,244.93,false
445,138,2024-06-04,242.41,true
432,142,2023-10-05,127.98,false
499,145,2024-08-07,71.29,true
178,56,2023-12-21,92.88,true
104,196,2025-07-24,245.28,false
498,151,2026-02-19,97.03,true
229,55,2024-11-29,167.37,true
371,137,2024-01-07,188.26,false
307,135,2026-01-02,31.09,false
52,149,2025-03-17,112.58,false
318,133,2024-03-02,176.64,true
172,20,2024-05-04,46.14,false
176,5,2024-11-09,258.17,true
379,180,2025-10-10,236.14,true
278,31,2026-03-01,185.46,false
157,41,2025-06-24,125.75,false
283,5,2025-10-21,72.36,true
6,69,2025-09-22,261.35,false
367,93,2024-11-24,166.11,true
378,173,2024-05-30,347.56,true
262,57,2025-06-05,226.54,false
378,138,2023-10-29,115.92,true
55,19,2023-12-06,192.62,false
54,77,2024-02-06,285.32,false
197,146,2025-02-05,103.18,false
145,140,2024-03-16,213.47,false
34,8,2023-09-16,245.56,true
308,146,2025-10-12,110.96,true
268,145,2024-04-01,295.61,false
365,85,2025-06-10,113.78,false
276,15,2024-07-29,25.3,false
262,139,2025-03-10,295.77,true
62,65,2023-10-25,192.9,false
459,85,2025-05-04,135.36,false
365,156,2024-05-20,190.58,true
71,105,2023-08-28,344.57,true
448,49,2024-01-10,183.62,false
286,85,2025-01-20,227.76,false
94,17,2025-12-22,61.57,true
423,168,2024-12-04,125.14,true
424,174,2024-08-05,304.83,false
21,20,2025-12-08,223.11,false
353,102,2023-12-02,216.88,true
68,198,2024-08-10,345.07,true
386,69,2026-05-17,192.77,false
457,71,2026-01-14,106.32,false
38,137,2025-09-13,110.6,false
38,181,2023-07-11,40.29,false
183,49,2025-06-30,201.58,false
259,87,2025-09-05,179.98,false
74,189,2024-02-25,206.07,true
131,121,2023-11-26,208.18,true
107,9,2024-04-27,239.95,false
49,54,2024-06-28,147.62,true
233,34,2023-08-01,94.83,false
47,183,2023-08-09,141.13,false
114,100,2023-11-24,159.66,true
403,128,2025-10-08,217.9,false
255,44,2025-07-18,296.52,false
103,200,2026-05-24,241.95,false
180,18,2024-05-21,212.41,false
420,30,2024-05-25,72.96,true
75,196,2023-10-26,231.73,true
422,83,2025-10-31,206.71,false
116,80,2025-11-15,181.09,true
310,85,2023-12-23,291.47,true
9,55,2023-09-03,141.35,true
31,76,2024-02-06,183.29,true
373,160,2025-01-03,76.76,true
258,128,2025-03-22,65.22,false
404,146,2026-06-06,297.45,false
23,71,2025-12-17,237.39,false
421,156,2024-05-05,325.7,false
455,194,2024-04-11,236.12,true
311,96,2026-01-02,279.76,true
110,175,2024-04-24,164.7,true
138,137,2024-05-09,44.37,true
199,168,2025-06-16,273.03,true
408,182,2025-05-10,57.54,true
139,189,2025-01-06,227.43,true
355,53,2024-11-09,319.74,true
382,187,2025-08-06,282.2,false
338,2,2025-08-20,242.52,true
402,152,2023-11-14,349.51,true
420,170,2024-07-29,76.52,true
107,83,2025-05-12,282.74,false
249,164,2025-12-02,31.62,true
42,59,2024-03-20,135.59,true
163,128,2025-05-06,76.09,false
463,29,2024-11-23,85.21,true
79,57,2024-11-23,342.8,true
186,163,2025-11-09,88.64,false
443,128,2026-05-30,199.32,false
408,86,2026-05-14,273.33,true
386,53,2024-04-08,244.73,true
229,105,2024-05-17,245.03,true
334,116,2025-10-02,348.93,false
226,95,2026-06-04,151.42,true
41,181,2026-05-27,342.28,true
97,45,2025-08-15,159.55,false
213,24,2023-07-25,271.18,false
295,79,2024-08-03,31.24,false
270,159,2025-10-03,116.51,true
287,83,2025-08-01,152.51,false
321,113,2025-01-21,185.52,false
329,145,2025-12-03,190.35,false
481,6,2025-07-06,198.66,true
380,155,2023-07-17,324.69,false
156,172,2024-02-21,54.65,true
406,196,2025-05-31,104.74,false
187,92,2025-04-13,268.92,true
395,138,2024-10-26,311.03,true
434,67,2026-05-08,33.92,true
452,127,2024-05-28,267.88,false
103,14,2024-01-14,267.98,true
424,195,2023-11-19,55.38,false
266,194,2024-12-06,228.56,false
12,199,2026-05-17,234.06,true
221,58,2025-04-11,120.85,false
77,77,2025-12-20,320.32,true
323,91,2025-10-13,128.85,true
36,79,2026-05-01,202.47,true
200,142,2026-05-16,269.52,false
302,74,2025-11-15,98.57,true
146,34,2024-08-02,55.36,false
257,105,2026-01-11,159.31,false
486,79,2025-05-12,215.06,false
132,45,2025-11-20,316.39,false
253,85,2023-09-25,254.19,true
465,77,2023-09-12,194.04,false
484,14,2024-11-26,63.46,false
411,82,2024-07-11,163.6,true
183,45,2026-04-23,269.02,false
14,93,2026-04-04,349.02,false
345,174,2026-01-08,82.6,true
148,113,2026-04-20,104.1,true
200,128,2025-12-05,285.25,true
397,100,2026-06-07,214.35,true
37,58,2023-11-07,176.76,false
480,133,2024-01-10,120.63,true
144,36,2025-10-15,116.06,true
280,131,2024-10-07,333.07,true
244,6,2023-10-19,107.01,true
194,145,2023-09-19,191.81,true
345,124,2024-12-22,206.76,true
396,109,2024-03-09,326.22,false
280,137,2023-12-02,192.11,true
427,84,2025-05-04,60.27,true
375,81,2025-03-24,256.07,false
219,17,2026-05-21,181.3,false
421,57,2025-06-16,186.86,true
119,35,2025-01-19,247.9,true
386,85,2024-04-10,249.88,true
402,145,2023-06-22,313.26,true
69,108,2025-03-16,340.18,false
46,168,2024-10-08,52.14,true
495,85,2025-11-04,167.97,true
273,17,2025-01-15,330.24,true
141,181,2026-02-02,284.94,false
29,10,2024-10-27,311.97,false
387,195,2024-10-14,283.56,true
137,4,2023-12-15,341.46,true
339,161,2025-02-24,182.62,true
336,8,2024-11-22,325.21,true
251,93,2025-05-22,229.14,false
283,101,2025-09-30,253.95,false
207,181,2024-11-09,171.99,true
117,102,2026-06-19,277.11,false
211,171,2024-03-13,166.37,true
321,117,2023-11-10,234.6,false
87,41,2025-03-03,253.84,true
465,155,2023-12-13,229.52,false
170,139,2024-11-11,271.94,false
46,92,2024-08-25,156.06,false
89,36,2025-04-25,129.52,false
492,76,2025-07-19,52.06,true
283,101,2024-01-18,254.81,false
236,37,2025-03-31,253.61,true
34,173,2025-11-16,69.34,false
490,21,2025-12-05,110.8,true
112,108,2025-10-11,137.52,false
375,102,2026-05-29,335.79,true
17,87,2026-04-20,247.72,true
175,68,2023-10-08,291.75,true
468,165,2025-07-06,46.95,false
413,96,2025-11-08,267.12,false
198,191,2025-06-28,43.55,false
393,180,2025-08-11,108.32,false
161,198,2023-08-20,223.05,false
44,144,2026-01-29,334.52,true
312,105,2024-08-10,321.47,true
430,100,2025-07-02,289.65,false
460,8,2025-05-11,231.92,true
414,189,2024-10-02,81.99,true
118,166,2026-03-09,101.26,true
31,15,2025-10-25,305.53,false
133,19,2023-07-10,93.57,true
32,143,2025-03-28,173.99,true
199,194,2026-02-07,279.17,false
10,72,2024-02-19,65.26,false
112,128,2023-09-01,73.64,false
331,159,2023-08-17,119.97,true
17,57,2025-12-26,266.13,false
225,109,2024-01-04,311.93,false
431,144,2025-05-13,191.83,true
385,149,2023-12-28,240.41,false
130,90,2026-01-24,116.73,true
152,82,2025-12-03,253.76,false
406,79,2024-07-07,265.77,true
490,57,2025-07-01,282.39,false
29,160,2025-02-18,122.57,true
199,80,2023-08-17,346.21,true
435,55,2024-02-18,324.52,false
176,123,2025-10-03,156.36,false
410,87,2025-05-26,160.84,false
75,112,2023-11-01,119.32,true
129,143,2023-07-13,189.58,true
150,195,2023-07-05,313.31,true
11,44,2025-11-09,291.7,true
182,171,2025-07-18,51.03,false
129,174,2024-05-05,50.5,false
251,20,2024-04-09,106.37,true
262,135,2024-10-21,48.63,false
203,51,2023-12-06,279.12,false
269,155,2025-09-20,175.85,false
347,159,2023-10-10,198.37,false
110,157,2023-10-06,264.13,true
398,2,2023-07-09,197.44,false
29,158,2023-10-07,339.53,true
367,116,2023-10-20,344.85,false
390,127,2026-05-12,181.07,false
257,64,2025-01-14,58.44,true
139,14,2023-06-26,30.03,false
347,132,2024-03-21,65.79,true
161,80,2023-11-03,198.35,false
476,69,2023-12-21,197.97,false
446,168,2026-01-07,142.56,false
215,80,2023-12-21,206.43,false
315,151,2023-12-29,337.54,true
58,71,2025-06-08,186.51,true
392,190,2023-11-16,159.48,false
416,15,2023-10-10,238.01,true
77,124,2023-08-23,148.7,false
400,40,2025-07-05,137.85,true
242,8,2025-02-16,292.22,true
188,93,2025-01-06,103.65,true
236,28,2025-05-16,299.21,true
204,147,2024-04-22,315.45,true
212,114,2024-01-28,144.71,true
122,196,2025-07-28,322.72,true
137,6,2026-04-26,184.05,false
307,123,2026-05-10,274.72,true
387,139,2023-09-09,212.57,true
300,46,2024-10-14,144.34,false
11,18,2024-11-07,316.98,false
500,112,2024-02-23,317.82,false
475,31,2025-08-07,289.09,true
478,163,2024-08-21,90.07,false
147,110,2025-03-22,200.3,false
136,63,2026-06-04,44.55,false
253,68,2026-03-13,187.61,false
439,106,2024-12-14,129.55,false
168,125,2025-10-29,69.77,false
202,49,2023-11-30,273.53,false
232,51,2024-11-24,109.41,true
33,179,2023-09-23,45.96,false
385,29,2023-08-18,151.46,false
75,147,2023-12-25,293.88,true
265,52,2025-03-16,49.56,false
271,88,2025-01-01,300.95,true
494,165,2025-12-29,251.61,false
223,108,2026-04-15,58.09,false
301,196,2026-05-01,79.42,false
370,138,2024-11-13,315.28,true
398,34,2026-05-06,253.35,false
291,91,2023-09-09,310.56,true
80,16,2025-07-18,309.48,false
244,138,2023-09-26,75.0,false
26,100,2024-12-04,239.19,true
135,154,2024-10-23,269.68,false
147,93,2025-06-27,153.85,true
75,189,2026-03-15,39.67,false
121,142,2025-12-20,204.77,true
192,181,2025-10-21,325.32,true
369,94,2024-09-26,260.92,true
121,84,2026-05-17,314.55,false
489,174,2026-05-08,31.7,true
338,100,2024-10-28,261.26,true
360,84,2024-06-01,148.44,true
263,124,2026-04-04,308.37,true
137,95,2023-10-16,310.29,true
184,189,2023-09-25,26.84,true
481,112,2026-04-30,234.47,true
438,116,2024-12-17,90.98,true
417,27,2026-02-09,199.61,true
299,73,2024-03-14,194.7,true
357,183,2025-01-22,77.92,false
75,183,2023-12-09,207.66,false
295,148,2025-02-06,78.73,true
324,58,2024-02-07,345.08,true
132,147,2026-04-23,162.64,false
29,105,2025-04-06,244.3,true
79,36,2025-11-04,138.99,false
70,76,2024-02-09,167.01,true
153,27,2025-09-23,299.46,true
222,15,2024-06-15,261.87,false
66,11,2023-11-20,167.63,false
169,22,2025-11-25,188.44,false
9,8,2025-05-16,159.51,true
466,56,2025-05-01,277.61,true
18,130,2025-10-12,292.33,false
292,8,2025-04-22,119.46,true
357,13,2026-01-16,155.31,false
320,123,2023-08-04,294.63,true
76,80,2024-05-29,103.51,true
155,130,2023-09-29,330.69,true
327,72,2026-03-15,157.22,false
154,139,2023-06-26,270.72,false
5,186,2025-05-13,348.9,false
35,50,2025-09-13,346.14,true
481,187,2025-11-01,313.03,false
234,86,2024-08-06,235.75,false
456,124,2024-10-18,301.88,true
324,76,2024-09-23,197.87,true
262,182,2024-06-25,237.61,false
236,88,2023-11-21,88.43,true
463,133,2024-10-10,331.28,true
187,11,2026-02-15,231.8,false
452,119,2026-06-09,295.54,false
129,181,2024-08-11,210.58,true
169,168,2025-08-03,251.85,true
234,194,2024-02-24,307.54,true
71,196,2023-07-26,215.52,true
384,4,2024-08-10,244.56,true
19,81,2024-09-12,260.65,false
44,125,2024-11-26,207.99,true
30,137,2023-09-27,273.92,false
155,106,2024-09-09,83.07,false
412,75,2025-04-15,296.32,false
8,190,2024-09-21,191.22,false
173,53,2026-05-15,114.27,true
494,157,2025-12-30,41.24,false
127,77,2025-01-15,290.59,false
257,134,2025-06-28,329.39,true
223,196,2026-02-16,107.33,false
384,146,2026-03-02,348.87,true
285,40,2025-08-19,268.04,false
317,9,2025-06-04,334.02,true
256,187,2024-02-03,59.96,true
480,196,2025-11-14,225.9,false
364,12,2025-10-08,120.73,true
485,13,2024-08-14,42.01,false
275,22,2024-08-11,114.87,false
39,19,2024-01-02,92.58,true
450,100,2025-10-20,73.07,true
164,200,2025-05-26,99.39,false
70,112,2025-12-11,29.57,true
23,66,2025-10-14,267.23,false
148,76,2024-05-13,56.32,true
142,28,2025-08-25,103.43,false
474,95,2026-04-12,127.48,false
171,73,2025-06-06,107.53,true
98,164,2024-05-18,30.35,true
397,102,2025-08-16,228.2,true
356,85,2024-01-29,268.62,false
379,1,2026-05-09,194.03,true
467,173,2026-03-08,157.03,true
103,124,2024-10-25,89.02,true
41,135,2026-04-18,267.32,false
282,107,2024-05-02,270.4,true
83,65,2025-07-13,139.53,true
257,112,2026-02-14,30.91,true
126,133,2024-02-24,49.9,true
35,2,2025-01-26,26.43,false
127,154,2025-06-01,274.18,false
27,121,2023-12-23,101.88,true
189,107,2025-05-28,242.95,true
323,146,2024-12-03,159.38,false
383,129,2023-11-05,50.63,false
177,166,2024-03-08,340.22,true
454,121,2024-12-05,206.4,true
112,81,2023-08-18,307.67,false
476,106,2025-04-28,132.59,true
231,168,2024-07-26,183.07,false
181,164,2026-04-20,276.96,true
324,129,2025-04-20,291.72,true
348,107,2025-05-10,180.35,false
331,109,2025-07-16,303.25,true
112,65,2024-02-15,115.9,false
118,54,2026-03-08,138.48,true
273,150,2025-02-23,159.78,false
485,13,2025-10-14,38.85,true
409,114,2024-01-23,283.82,false
13,85,2025-04-03,339.24,false
98,60,2024-07-05,342.68,false
108,56,2026-04-16,151.9,true
232,149,2024-12-30,252.41,true
375,53,2024-11-09,118.52,false
433,17,2024-09-20,326.6,true
92,181,2026-02-25,250.29,true
199,32,2023-11-17,348.32,true
230,64,2025-03-14,187.86,false
441,185,2025-05-14,171.71,false
418,149,2025-06-11,132.98,false
383,54,2025-02-18,92.86,false
393,56,2025-11-13,119.38,true
77,178,2025-12-16,306.45,false
399,152,2026-03-29,349.54,false
74,35,2024-05-11,207.25,false
282,132,2026-01-13,201.26,true
240,44,2026-03-23,110.47,false
383,44,2025-07-02,175.0,false
209,138,2026-06-04,337.37,false
240,86,2026-01-22,330.97,true
291,44,2023-08-10,66.03,true
54,133,2025-11-13,260.44,true
110,50,2025-08-03,144.44,true
353,25,2024-07-27,337.59,true
193,199,2024-05-21,182.47,true
99,165,2026-02-02,62.15,false
275,130,2024-06-21,168.76,true
227,67,2023-10-26,329.61,false
224,133,2026-03-06,290.74,false
414,164,2024-11-01,70.25,false
211,190,2025-02-17,35.97,false
215,80,2023-08-18,148.54,false
247,77,2026-01-23,253.73,true
47,135,2025-04-27,330.59,true
499,182,2024-03-07,59.39,false
253,64,2026-05-22,231.97,true
205,170,2026-02-26,231.06,false
266,32,2025-03-20,78.55,true
22,105,2026-05-09,284.17,true
225,22,2024-07-20,236.53,false
408,189,2023-12-23,112.46,false
138,54,2025-04-12,250.77,true
358,2,2024-05-27,171.71,true
266,112,2024-11-23,221.54,true
328,156,2024-01-16,157.21,true
397,15,2025-04-08,92.28,false
347,146,2026-01-28,237.62,true
399,166,2024-09-03,32.55,true
380,128,2023-07-16,115.32,false
36,182,2024-04-25,172.72,false
486,142,2024-10-08,242.73,false
40,120,2025-09-01,321.15,true
437,72,2024-08-24,197.58,false
287,116,2025-06-28,51.6,true
136,171,2026-05-14,245.76,true
234,44,2023-09-27,172.7,false
170,43,2024-06-20,334.66,true
192,88,2024-01-29,282.25,true
95,146,2024-07-01,337.64,false
264,146,2025-06-11,312.55,false
87,50,2025-04-13,103.94,false
64,137,2023-07-03,74.91,true
207,117,2023-07-01,197.6,false
90,147,2025-11-21,31.32,true
360,122,2023-11-17,280.53,true
407,35,2025-12-15,70.25,true
445,67,2023-07-23,274.17,true
236,120,2024-05-27,252.6,true
483,194,2024-03-21,87.94,true
390,161,2023-09-02,88.64,false
341,60,2025-11-13,306.18,false
48,66,2026-05-31,252.48,false
373,125,2025-07-21,176.83,true
120,182,2024-01-06,279.21,true
351,20,2024-09-13,230.65,false
142,52,2025-07-07,220.62,false
484,117,2023-09-05,229.78,false
114,3,2024-08-10,61.51,false
245,77,2026-04-02,244.26,true
125,190,2025-07-08,27.95,true
42,139,2024-11-28,122.19,false
276,161,2025-06-17,344.52,false
46,20,2024-03-26,153.23,false
302,74,2026-05-17,333.64,true
176,124,2024-11-27,323.7,true
22,49,2025-05-10,56.96,true
31,133,2024-11-22,70.34,false
445,117,2026-03-12,293.93,true
343,19,2026-06-17,264.09,true
417,27,2025-11-19,269.61,false
233,88,2024-01-07,161.88,true
101,39,2025-08-28,167.53,false
494,187,2023-07-21,102.54,false
138,57,2024-03-06,301.05,false
483,144,2025-08-12,172.62,true
424,65,2023-12-12,195.92,false
69,27,2023-07-21,281.46,true
435,128,2023-12-19,82.21,false
312,17,2024-11-28,294.21,false
24,80,2024-03-28,210.66,true
425,87,2024-06-24,73.89,true
355,182,2024-03-26,74.98,true
373,72,2024-12-22,144.79,false
433,124,2025-04-28,274.58,false
53,45,2024-06-25,102.34,true
316,51,2024-11-09,114.17,true
108,19,2024-06-12,279.54,true
276,165,2025-09-13,190.78,true
126,146,2025-07-17,111.36,false
109,80,2025-10-07,77.69,true
395,172,2024-09-06,36.45,true
378,17,2025-03-13,136.84,true
458,145,2025-01-02,232.29,false
19,176,2026-02-07,198.72,true
303,119,2025-03-19,269.04,true
114,67,2023-11-09,324.44,false
429,105,2026-04-01,67.37,false
465,37,2025-02-14,118.77,true
64,178,2025-11-29,324.67,true
94,125,2023-12-27,188.08,true
211,118,2026-05-04,32.88,false
76,86,2024-07-06,62.88,true
138,13,2023-11-06,183.6,true
268,23,2026-04-28,82.8,false
352,14,2025-04-15,315.0,false
427,22,2025-10-23,90.39,true
366,39,2024-05-08,128.83,false
373,6,2025-05-04,35.71,true
455,138,2026-04-04,225.4,false
237,128,2025-02-10,258.06,true
95,146,2026-06-10,222.28,false
105,181,2026-03-09,303.58,false
287,116,2025-08-19,180.77,true
182,142,2026-03-28,190.2,false
345,183,2023-07-23,340.67,true
265,86,2025-10-18,322.36,true
54,27,2024-08-04,169.55,true
482,51,2026-01-11,198.92,false
64,69,2026-02-01,57.64,true
46,78,2025-09-24,284.83,false
156,42,2024-03-10,223.27,false
131,67,2024-11-22,260.7,false
98,139,2023-11-19,127.59,true
177,116,2023-08-05,123.52,true
188,62,2025-06-30,148.92,true
395,63,2026-01-03,290.71,true
137,187,2024-06-24,323.93,false
328,112,2026-02-20,38.59,false
430,49,2025-03-14,35.77,false
406,179,2024-04-10,29.17,false
150,41,2024-12-23,130.81,false
346,65,2024-10-20,198.72,false
74,165,2024-10-30,307.22,false
475,128,2025-07-26,272.15,true
359,66,2024-11-21,316.56,false
420,114,2024-03-19,287.01,true
469,14,2025-06-12,62.77,true
5,81,2024-03-27,345.2,true
61,105,2024-04-25,41.63,true
58,87,2023-10-30,243.25,true
442,182,2024-05-02,254.87,false
63,168,2024-11-26,345.27,false
55,149,2023-07-15,59.39,false
250,142,2023-08-31,151.55,true
147,87,2025-10-24,243.46,false
6,94,2024-10-14,34.26,true
407,81,2024-12-18,341.83,true
119,61,2024-11-09,135.08,true
162,126,2025-07-17,82.83,true
272,187,2024-10-01,160.52,false
470,14,2024-05-12,238.49,false
377,146,2025-03-24,292.09,true
29,147,2024-09-01,201.61,true
238,117,2025-04-29,249.45,false
413,146,2023-11-12,169.58,true
189,69,2024-05-31,45.31,true
64,100,2026-01-24,35.17,true
393,81,2026-03-31,77.69,false
218,184,2025-08-02,283.3,true
296,103,2026-05-30,171.7,false
360,164,2025-01-08,122.43,true
261,83,2025-10-18,63.69,false
480,26,2023-12-21,312.78,false
52,57,2025-10-01,295.74,false
250,124,2024-05-07,212.34,false
493,26,2025-04-22,65.77,true
431,171,2025-08-10,306.9,true
340,137,2025-07-15,82.73,false
118,114,2025-03-16,165.57,true
35,187,2024-10-30,89.52,false
36,142,2023-08-02,159.13,true
182,31,2024-06-20,115.02,false
352,92,2024-12-30,153.68,true
30,9,2025-12-02,291.87,false
256,53,2023-10-10,138.02,true
252,199,2024-05-30,188.03,false
466,13,2025-01-11,36.31,true
348,31,2025-10-24,147.02,false
309,133,2026-04-22,34.07,false
409,194,2026-05-30,95.11,true
248,166,2025-04-20,175.41,true
84,51,2024-11-30,192.32,false
264,69,2023-10-25,296.02,false
53,79,2024-06-26,299.17,false
434,85,2025-02-09,239.23,true
486,33,2026-05-01,37.16,false
251,124,2026-05-23,301.17,false
254,161,2025-07-12,349.3,false
299,169,2025-06-09,78.4,false
348,83,2025-10-26,262.08,true
163,79,2024-12-21,145.89,false
254,8,2025-05-20,303.2,false
100,10,2026-02-10,190.84,false
483,172,2025-08-06,88.95,false
375,86,2024-05-26,243.68,false
356,101,2023-09-12,126.84,true
181,124,2026-03-01,260.09,true
84,69,2024-08-28,27.56,false
117,146,2023-09-11,71.24,true
15,49,2026-01-02,286.09,true
237,42,2024-02-25,176.09,false
347,66,2023-07-22,158.46,true
285,190,2025-10-12,262.31,true
187,20,2024-01-26,252.56,false
278,80,2025-09-09,322.71,false
183,139,2025-06-20,109.53,false
304,101,2024-08-26,38.24,true
308,120,2025-01-03,31.87,false
13,70,2025-05-31,75.71,false
435,148,2026-06-16,212.53,false
17,165,2024-11-18,154.24,true
344,76,2025-02-21,65.18,false
53,142,2025-06-30,97.11,true
328,47,2025-11-13,184.05,true
386,129,2023-07-27,75.56,true
96,52,2024-03-14,205.45,true
139,189,2025-02-18,198.69,true
338,135,2026-03-14,142.75,true
397,121,2025-11-26,188.31,true
17,57,2025-07-22,78.19,false
198,109,2024-09-18,226.03,true
137,121,2026-02-28,187.4,true
466,11,2024-07-13,66.53,false
485,175,2023-10-18,37.45,false
43,114,2025-02-26,116.19,true
28,67,2024-06-12,75.42,false
237,181,2025-05-24,304.74,true
409,105,2026-01-13,84.55,true
320,28,2023-10-07,188.8,true
20,183,2024-04-12,37.2,true
430,173,2024-06-30,31.27,false
309,152,2025-04-02,253.8,false
498,147,2024-03-09,133.97,false
12,146,2024-03-11,172.78,false
71,36,2025-04-16,302.94,true
137,44,2024-05-29,36.7,false
42,56,2023-11-22,72.13,false
116,180,2024-12-25,316.54,false
215,30,2024-01-20,260.71,true
463,4,2024-11-04,295.73,true
237,142,2025-03-03,94.78,true
389,46,2026-05-10,77.33,true
172,23,2023-08-05,209.97,true
46,79,2026-03-11,240.17,true
30,71,2026-05-14,146.81,true
55,16,2025-10-27,32.52,false
388,166,2024-12-02,73.11,true
307,75,2025-07-24,120.27,true
124,153,2024-10-29,221.86,false
473,69,2025-11-26,261.21,true
13,81,2025-05-28,344.66,false
58,180,2025-01-13,172.98,false
7,186,2025-05-04,154.46,false
4,135,2025-02-18,250.51,false
54,95,2024-06-10,96.0,true
422,145,2023-10-13,133.43,false
219,95,2025-06-07,122.46,false
242,154,2025-01-09,242.12,true
134,138,2023-09-29,74.39,true
295,29,2026-02-15,174.56,false
161,197,2025-04-08,32.09,false
218,163,2024-08-14,320.53,true
355,49,2024-11-13,53.37,true
39,131,2023-07-01,184.98,true
165,199,2024-06-09,49.73,false
4,25,2026-02-07,209.77,true
380,80,2023-08-14,31.56,false
391,123,2026-01-01,82.45,false
322,140,2025-05-03,290.14,false
265,86,2025-12-27,179.91,true
381,81,2025-01-29,267.87,false
179,56,2025-04-05,144.37,true
145,194,2025-12-24,129.47,false
122,3,2025-01-07,127.84,false
46,122,2026-06-10,84.98,true
64,111,2025-07-04,66.27,true
260,147,2025-06-10,63.68,false
58,180,2024-09-27,160.22,true
481,91,2024-09-04,30.06,false
306,38,2024-06-10,243.16,true
309,19,2025-07-17,338.45,false
414,77,2025-06-28,320.05,true
426,19,2026-05-27,348.17,true
112,36,2025-09-28,206.51,false
346,181,2024-08-22,195.51,false
41,186,2023-11-13,243.23,true
235,4,2023-08-04,152.56,true
91,126,2026-05-17,83.65,false
443,160,2026-04-22,317.11,true
339,105,2024-07-19,294.97,true
298,107,2023-11-25,115.88,false
49,116,2025-04-29,81.12,true
21,173,2026-05-29,142.53,true
290,141,2025-11-18,312.23,false
477,3,2024-04-02,254.43,false
63,142,2026-04-23,120.22,false
83,9,2024-06-17,280.32,true
269,175,2025-12-14,320.66,false
307,150,2025-12-29,220.02,true
411,165,2025-05-13,56.49,true
400,53,2024-08-05,230.26,false
67,51,2026-05-14,115.64,false
295,107,2024-10-05,137.37,false
348,61,2024-02-29,150.98,false
440,105,2025-01-07,299.57,false
231,57,2023-11-26,211.42,false
175,111,2023-07-16,344.06,false
454,75,2025-07-08,46.35,true
284,19,2024-01-01,119.41,true
384,188,2024-08-13,143.5,true
75,138,2024-03-18,44.23,true
395,19,2024-12-12,152.49,true
429,8,2026-02-12,216.53,false
440,47,2023-08-03,153.64,false
182,161,2023-09-03,342.2,true
408,71,2024-04-20,259.62,false
126,81,2024-03-10,246.73,true
260,79,2026-05-21,312.52,true
371,86,2025-01-10,177.35,true
36,6,2024-09-28,258.47,false
477,6,2025-01-26,287.01,true
203,69,2025-06-12,59.18,false
215,30,2024-02-09,233.42,false
213,99,2024-12-22,290.53,false
317,200,2025-06-03,231.92,false
459,188,2024-04-01,294.3,true
453,194,2026-01-05,324.6,true
447,143,2024-05-07,235.42,true
82,70,2025-03-15,150.52,true
107,129,2026-02-20,335.22,false
198,128,2025-11-17,327.72,false
88,71,2024-05-27,347.1,true
498,22,2025-06-10,346.88,true
117,88,2026-01-14,347.88,false
153,163,2026-04-26,191.0,false
214,21,2026-03-08,257.38,false
185,21,2025-12-16,230.43,true
423,128,2025-08-14,271.08,false
131,42,2024-11-25,81.72,true
256,40,2026-06-21,345.92,false
63,128,2024-09-04,276.21,false
483,19,2024-12-23,50.02,true
126,83,2024-12-12,140.23,true
163,117,2026-04-12,277.06,true
30,180,2025-08-01,343.48,false
98,61,2023-08-15,267.05,true
278,166,2025-10-15,193.34,false
409,60,2024-10-05,281.66,false
438,80,2025-02-25,137.59,false
426,108,2023-09-17,124.31,true
499,30,2023-12-06,340.48,false
224,147,2024-10-30,127.59,true
129,68,2026-02-19,48.14,true
383,182,2023-10-19,86.46,true
46,121,2026-04-26,337.98,false
276,37,2025-07-07,338.45,false
125,48,2024-10-03,227.9,false
346,3,2026-02-12,231.31,true
277,150,2023-12-29,335.73,true
465,6,2026-06-01,86.57,true
259,33,2024-04-21,94.95,true
163,94,2023-08-20,42.04,true
441,63,2024-12-06,53.24,false
150,7,2023-09-10,142.73,true
443,14,2023-09-26,73.92,false
145,137,2025-01-26,235.94,false
341,142,2026-04-10,45.58,false
108,81,2023-11-26,302.84,false
268,151,2025-03-28,169.2,false
239,194,2025-12-25,25.17,true
374,39,2026-05-26,202.94,true
357,2,2024-09-03,102.29,true
288,66,2025-01-24,129.02,false
42,73,2024-05-28,137.8,false
106,17,2024-12-14,232.55,false
317,13,2023-07-30,71.79,false
330,16,2024-04-16,26.46,true
7,80,2024-02-29,229.88,true
344,135,2025-06-23,44.06,true
160,124,2024-07-02,335.87,true
31,57,2026-02-23,172.18,true
443,42,2025-02-03,325.11,false
423,56,2023-10-10,76.82,true
396,148,2025-06-24,298.36,false
481,72,2026-06-10,162.03,false
498,102,2024-10-19,105.58,false
209,90,2023-09-20,338.52,true
428,117,2024-11-01,165.26,false
334,3,2024-04-15,113.11,false
235,45,2024-02-29,290.45,true
278,150,2023-11-28,274.28,false
254,137,2023-12-13,50.05,true
60,136,2023-07-04,164.76,true
174,20,2023-07-27,39.5,false
412,7,2026-06-12,186.08,true
150,85,2024-07-16,297.66,true
197,186,2023-11-08,30.5,false
7,56,2024-09-09,265.54,true
343,48,2024-11-15,177.32,true
203,6,2025-09-01,106.98,false
261,182,2024-12-12,146.16,false
429,50,2024-02-20,108.39,false
484,161,2025-06-19,40.78,true
440,48,2024-11-18,230.33,false
98,22,2024-02-07,324.48,false
48,133,2024-03-23,80.97,true
99,185,2025-06-27,94.42,false
377,199,2024-03-08,69.36,false
443,95,2026-04-16,163.45,false
274,85,2024-01-16,253.15,true
392,123,2024-01-06,261.2,false
198,95,2023-11-15,327.11,true
380,163,2024-02-09,333.32,true
211,118,2024-03-23,46.66,true
66,183,2026-02-11,348.79,true
88,103,2025-12-14,97.77,true
165,22,2024-05-19,232.0,false
465,128,2026-01-08,43.48,true
300,42,2024-11-09,101.3,false
310,75,2024-11-08,348.28,false
261,166,2023-09-24,47.67,false
8,108,2023-08-26,219.7,true
285,101,2024-10-29,146.2,true
162,91,2025-04-09,87.31,false
397,110,2025-03-17,233.04,false
436,71,2024-08-19,27.28,true
398,56,2026-02-06,40.32,true
425,86,2023-10-31,272.27,true
499,149,2023-10-21,190.41,true
421,149,2025-01-10,227.92,true
475,44,2024-11-28,316.21,false
159,130,2026-04-13,251.45,false
322,10,2024-07-22,60.27,false
317,106,2024-03-26,132.35,false
335,92,2024-05-19,211.53,true
264,26,2026-06-02,177.8,false
289,119,2026-02-01,236.71,true
293,82,2024-02-02,236.01,false
467,20,2025-07-20,186.34,true
254,161,2023-09-29,223.62,false
112,106,2024-06-19,348.75,false
36,30,2025-08-05,347.8,false
65,80,2024-06-14,255.17,false
126,190,2024-08-14,133.35,false
468,52,2023-10-28,71.09,false
242,17,2026-02-21,192.89,true
392,170,2026-03-26,96.05,false
332,84,2025-04-29,127.51,true
100,125,2025-12-08,193.37,false
417,26,2023-06-23,29.52,true
307,135,2025-05-19,171.51,false
264,112,2025-05-16,136.69,true
467,183,2023-10-20,58.51,false
337,118,2024-12-18,224.12,false
88,189,2024-09-04,288.31,false
208,189,2026-03-29,106.8,true
46,57,2025-07-21,265.37,false
214,163,2023-08-10,108.04,true
383,54,2024-02-29,271.82,true
387,160,2025-06-30,338.58,false
195,164,2026-04-06,237.59,false
39,87,2025-03-16,157.99,false
296,139,2025-02-25,341.7,true
26,175,2023-12-26,31.26,true
320,32,2023-07-27,259.46,true
215,118,2023-10-05,42.13,false
232,6,2023-07-16,189.24,true
116,199,2025-08-01,179.97,false
339,1,2023-07-06,193.97,true
151,148,2025-04-14,81.2,true
111,81,2025-04-15,237.28,true
436,61,2023-06-30,188.57,true
296,137,2026-04-11,328.7,false
410,129,2023-08-09,36.15,false
381,164,2026-06-01,109.06,true
351,45,2025-09-03,207.75,false
4,146,2024-06-08,219.1,false
329,15,2026-03-23,298.33,true
262,138,2024-06-21,89.91,true
410,129,2025-06-01,272.47,true
385,146,2025-11-12,220.8,false
489,187,2024-03-24,113.42,true
50,195,2025-05-31,107.65,false
139,195,2024-08-05,314.46,false
130,106,2024-08-09,138.25,true
479,19,2026-04-24,29.56,true
466,92,2023-11-06,75.0,false
412,141,2026-01-11,78.86,true
290,20,2026-04-01,129.12,true
357,67,2024-02-18,250.95,false
205,101,2023-12-26,211.18,true
487,79,2025-03-28,147.26,true
147,59,2026-05-25,243.6,false
262,117,2024-07-06,252.43,false
3,120,2023-10-09,131.66,true
433,137,2025-04-06,231.2,true
313,136,2024-01-10,320.22,false
301,53,2023-10-20,148.09,true
45,93,2026-04-29,114.1,true
495,53,2026-05-15,330.37,true
341,137,2025-11-12,125.78,false
73,166,2025-07-17,80.97,true
246,95,2024-10-17,333.84,false
207,57,2024-07-23,41.46,false
145,24,2023-07-30,247.3,true
130,190,2023-12-28,193.84,true
293,65,2023-12-29,78.07,false
244,199,2025-12-26,273.18,true
378,107,2024-12-30,55.54,true
129,174,2025-12-17,255.98,true
87,72,2024-04-09,130.39,true
94,11,2024-04-22,33.07,true
350,99,2026-02-06,27.4,true
246,195,2024-10-10,53.8,true
323,51,2026-01-05,71.23,true
20,35,2025-06-25,290.14,false
86,169,2024-10-09,240.67,true
53,165,2023-06-29,272.42,true
59,27,2025-08-13,181.68,true
156,183,2024-04-15,294.12,false
15,135,2024-02-11,89.63,false
17,3,2023-11-07,317.63,false
493,48,2025-07-14,247.4,true
421,177,2023-08-26,152.73,false
148,117,2025-07-22,93.56,true
161,198,2025-01-11,145.25,false
469,168,2023-10-06,338.9,true
115,45,2025-05-31,146.57,false
89,71,2023-11-01,209.14,true
469,158,2023-11-17,270.7,false
258,86,2024-01-30,313.01,true
308,16,2025-11-28,308.71,true
414,36,2026-04-17,56.14,false
141,15,2024-09-23,236.99,false
379,180,2026-06-08,249.18,false
412,63,2025-02-28,290.75,false
113,129,2026-01-29,209.52,true
404,108,2024-08-27,33.91,false
185,95,2024-01-24,111.44,true
29,88,2024-04-02,245.62,false
365,168,2025-12-05,314.63,true
450,196,2025-09-18,149.3,true
87,15,2024-07-04,251.79,true
64,77,2023-06-27,223.35,true
490,159,2026-04-23,123.42,true
361,132,2024-07-11,285.92,false
463,20,2023-11-04,122.34,true
478,52,2023-11-08,337.65,false
129,58,2025-03-21,184.96,true
408,34,2024-05-28,290.29,true
332,1,2024-11-16,322.22,false
114,8,2023-09-29,169.49,true
49,20,2024-02-21,193.41,true
124,95,2025-10-29,345.3,false
48,90,2026-01-24,206.71,false
139,120,2024-06-21,178.65,true
106,178,2024-02-10,131.02,false
461,57,2024-01-15,164.45,false
485,4,2026-05-02,43.34,true
241,39,2024-09-28,306.09,true
171,180,2024-12-16,329.35,true
135,139,2026-04-14,346.94,true
370,6,2023-06-25,177.16,false
333,39,2023-11-08,93.26,true
311,55,2024-05-29,74.35,false
292,25,2025-05-19,101.95,false
390,150,2023-08-28,123.68,false
6,132,2023-07-05,243.35,false
366,139,2025-10-01,236.93,false
70,135,2025-01-14,292.34,true
352,140,2023-09-01,286.04,true
68,80,2025-06-14,156.15,false
330,63,2024-08-02,99.09,false
382,72,2023-08-30,286.87,false
473,100,2024-09-26,320.75,false
212,105,2023-12-26,52.43,true
15,167,2024-09-12,343.64,false
352,85,2025-12-14,96.63,false
439,158,2023-06-23,157.85,false
256,40,2025-05-05,296.48,true
85,45,2026-04-26,84.15,false
499,13,2023-10-05,319.01,false
468,21,2023-11-18,212.32,true
293,29,2024-10-13,333.9,true
77,17,2023-11-17,295.61,true
342,112,2025-03-29,107.76,true
56,66,2026-02-18,298.96,false
376,55,2023-11-09,119.48,false
486,99,2023-09-09,281.96,true
2,144,2024-07-01,188.02,false
489,41,2024-04-08,72.01,false
70,143,2023-10-02,272.34,true
362,155,2026-05-17,308.94,true
79,60,2025-06-30,112.72,false
215,57,2023-10-20,331.53,true
154,81,2025-07-19,125.68,false
443,10,2026-02-19,253.64,false
128,139,2026-03-07,73.71,false
152,11,2024-04-27,179.82,false
33,166,2025-01-02,78.49,true
169,194,2026-04-08,291.47,false
327,57,2024-01-27,340.38,true
31,17,2024-01-10,248.05,true
254,173,2023-11-04,151.27,true
64,178,2024-11-07,231.44,true
274,108,2023-11-01,110.51,true
145,14,2025-06-20,83.52,false
436,53,2025-04-29,97.59,false
194,95,2024-02-20,273.42,true
388,23,2024-08-02,234.31,false
61,25,2025-02-18,192.0,true
412,48,2026-04-12,75.41,false
285,105,2023-10-17,180.85,false
452,82,2025-12-25,193.52,true
380,159,2023-07-08,108.35,false
337,93,2026-04-25,296.85,false
287,105,2025-08-15,124.17,true
242,34,2025-06-18,36.84,false
430,151,2024-08-09,179.24,false
340,109,2024-03-12,89.37,false
78,63,2025-11-14,53.14,true
491,134,2025-01-19,237.93,true
371,19,2025-04-29,36.51,false
19,32,2026-01-01,100.38,true
97,161,2025-12-29,170.62,true
444,94,2025-05-19,33.19,false
436,165,2024-05-02,213.12,true
30,175,2024-04-17,206.73,true
178,117,2025-06-18,44.75,false
245,1,2024-01-01,270.42,false
259,86,2025-01-30,107.54,true
180,59,2024-09-04,66.0,false
437,72,2026-05-17,236.3,true
179,199,2023-07-22,303.02,true
443,174,2023-07-24,178.15,false
301,111,2023-09-09,100.19,true
476,100,2026-03-24,326.35,true
206,200,2023-11-14,195.61,true
72,105,2024-04-03,193.97,false
470,131,2024-04-25,121.68,false
456,158,2023-09-28,303.68,false
423,176,2023-08-08,59.89,true
469,143,2024-10-17,57.47,false
329,54,2026-02-04,154.37,true
497,69,2025-06-13,326.21,true
493,133,2024-09-14,127.77,false
126,22,2025-12-22,175.27,true
34,49,2024-01-29,188.32,true
26,114,2024-08-26,220.57,false
283,10,2024-07-21,204.62,true
24,46,2026-02-08,27.0,true
278,42,2025-09-02,61.36,true
248,54,2026-03-03,154.84,false
459,188,2024-03-23,170.09,false
27,157,2025-10-31,55.33,false
458,25,2024-09-24,165.36,true
326,148,2023-12-01,44.11,false
484,120,2024-01-27,33.5,true
429,29,2026-01-04,327.63,false
286,105,2025-01-19,129.94,false
195,55,2026-01-17,246.87,true
278,58,2023-07-17,247.94,true
392,163,2025-02-14,293.51,true
48,35,2025-12-31,141.92,true
444,56,2024-11-15,91.33,true
372,111,2025-09-05,167.03,true
48,165,2023-11-24,325.37,false
346,16,2024-07-26,119.27,false
124,124,2026-01-05,75.15,true
398,34,2024-08-19,115.23,true
35,195,2023-11-04,61.19,false
469,174,2023-06-27,94.65,true
430,87,2025-06-03,28.92,true
110,15,2024-08-22,326.17,false
352,134,2025-10-03,313.64,true
434,188,2026-05-16,73.96,true
334,164,2024-02-04,44.35,false
390,25,2025-04-27,281.94,false
303,42,2024-02-05,170.01,true
242,127,2024-06-14,71.26,true
124,186,2024-01-22,322.24,false
211,65,2025-10-17,231.76,true
471,71,2025-03-19,149.74,true
470,187,2025-11-20,313.06,false
352,62,2023-09-17,184.65,true
48,187,2024-06-02,216.45,false
298,166,2025-07-03,123.07,false
23,66,2024-07-12,98.29,true
81,90,2025-04-01,204.76,true
304,93,2024-10-12,49.37,false
325,117,2025-09-05,221.75,true
470,117,2023-07-24,113.41,false
246,183,2025-04-19,65.9,false
74,14,2024-03-03,42.66,false
415,174,2023-07-30,293.06,false
134,32,2023-07-09,133.87,false
264,118,2025-12-08,37.05,false
356,22,2024-11-13,86.13,false
226,34,2026-05-26,161.53,true
294,170,2026-05-15,60.14,true
355,6,2024-09-21,269.9,true
180,133,2024-12-21,120.29,true
61,179,2026-01-01,122.53,true
414,36,2023-08-24,56.33,false
111,53,2024-11-01,133.25,false
213,106,2025-03-26,274.13,false
202,156,2026-04-23,174.09,true
124,125,2025-09-04,80.68,false
463,4,2026-04-07,300.83,true
95,192,2025-04-25,157.63,false
248,166,2025-04-11,165.47,false
344,15,2025-09-03,148.41,true
152,71,2024-01-14,271.09,false
96,15,2023-12-29,132.33,true
387,29,2024-04-13,228.09,false
483,29,2025-08-11,289.83,true
377,130,2024-03-20,223.25,false
3,35,2024-10-01,141.96,true
208,127,2024-10-06,72.27,false
201,19,2024-11-09,199.13,true
460,140,2023-11-08,314.88,false
97,148,2026-02-25,54.19,false
487,111,2024-07-11,218.26,false
352,122,2024-01-23,224.34,true
281,174,2024-07-08,237.46,true
302,166,2025-06-07,191.92,true
363,148,2023-09-22,116.9,false
202,199,2023-08-01,288.55,false
44,174,2024-01-09,160.71,true
425,53,2024-04-07,101.72,false
186,171,2024-03-26,157.35,true
215,44,2023-12-12,290.17,true
156,119,2024-10-28,193.2,true
155,151,2025-12-15,67.06,true
498,1,2025-11-08,268.47,false
109,32,2025-09-23,272.04,false
211,95,2025-03-22,212.49,true
402,147,2026-05-10,273.51,false
453,196,2023-09-20,206.54,false
68,2,2026-01-19,180.34,false
152,71,2025-12-28,279.72,false
141,118,2023-12-17,38.98,true
360,153,2025-02-05,196.9,true
174,164,2024-12-19,258.78,true
127,132,2025-05-06,283.77,false
449,128,2024-09-30,342.3,false
491,127,2024-09-19,196.19,true
279,43,2026-04-08,78.7,false
323,149,2023-09-03,136.66,true
379,180,2024-01-24,49.45,true
53,15,2024-05-15,259.42,true
314,46,2024-12-31,201.01,false
356,2,2024-06-11,113.0,true
239,121,2025-04-03,40.43,true
489,163,2023-07-20,301.35,true
433,190,2023-10-03,234.15,false
49,190,2024-07-05,109.53,false
204,161,2025-04-04,262.44,true
490,130,2025-01-14,99.56,false
23,82,2024-03-08,241.18,false
326,81,2025-11-29,338.59,false
461,148,2025-10-31,160.28,false
483,140,2023-12-24,245.0,false
113,133,2025-10-18,64.67,false
106,18,2026-01-11,213.44,false
441,137,2025-06-26,188.22,false
72,138,2025-06-02,112.56,false
250,155,2026-04-14,122.75,true
105,34,2026-05-25,184.42,false
152,181,2024-03-08,89.09,false
407,107,2023-12-08,109.46,false
396,189,2026-01-04,281.11,false
474,42,2025-08-31,251.4,true
364,92,2025-02-14,207.52,true
83,22,2024-05-09,345.7,true
292,146,2026-04-10,244.68,true
82,180,2023-12-01,215.53,false
426,1,2024-09-13,307.85,true
459,66,2024-11-20,146.19,false
477,190,2025-11-08,165.7,false
92,138,2026-06-01,112.34,false
331,121,2024-12-19,330.27,true
201,117,2026-04-09,128.44,false
213,87,2024-09-14,78.75,false
380,138,2025-08-16,172.86,true
22,31,2023-10-04,148.36,false
388,83,2025-10-28,66.82,true
203,66,2026-05-21,95.48,false
448,52,2024-03-30,319.24,false
443,63,2024-07-05,278.69,false
140,147,2024-05-11,170.09,true
44,139,2023-10-09,149.1,true
118,34,2024-10-13,135.07,false
53,161,2025-12-21,160.53,false
312,120,2025-04-16,158.49,true
470,110,2024-12-17,264.45,true
411,6,2025-05-14,211.99,true
259,134,2023-12-09,271.19,false
246,144,2024-06-15,47.6,false
437,117,2025-03-16,307.54,false
468,61,2024-05-04,196.8,true
338,148,2025-11-10,39.63,false
189,166,2025-09-21,132.47,false
310,118,2024-05-12,290.51,false
380,163,2026-05-10,151.76,true
274,48,2025-08-17,28.6,true
278,85,2024-07-12,126.25,false
289,117,2024-06-12,248.92,false
327,142,2025-05-27,113.42,false
371,169,2025-09-09,188.3,false
404,147,2023-09-05,161.64,true
346,199,2024-05-03,57.85,false
480,160,2024-04-16,240.41,true
404,151,2024-03-31,153.72,false
92,151,2024-02-16,233.64,false
234,3,2024-04-01,49.43,false
209,55,2025-08-29,227.85,true
48,22,2025-08-29,41.9,false
82,63,2024-03-16,87.61,false
491,47,2024-12-25,209.45,false
3,174,2026-03-15,326.84,false
48,114,2024-04-11,68.63,true
10,35,2024-08-13,208.06,true
351,2,2024-06-16,322.25,false
472,81,2025-04-13,93.84,true
205,197,2026-03-11,277.19,false
497,196,2023-07-06,156.72,false
337,63,2025-01-27,200.92,false
207,113,2025-11-05,179.73,true
98,105,2025-01-28,171.8,true
183,116,2023-12-12,45.73,true
207,77,2023-11-11,141.25,true
368,85,2023-12-01,260.64,false
410,2,2025-03-12,146.14,false
241,16,2023-10-31,33.69,true
440,68,2025-05-12,327.84,false
218,51,2024-08-15,37.68,false
325,131,2024-08-19,290.92,false
389,147,2024-12-31,128.32,false
128,35,2026-05-17,147.63,false
115,66,2026-05-09,347.35,true
326,34,2025-09-15,242.03,false
7,19,2025-11-05,321.55,true
126,187,2025-07-09,312.27,false
82,1,2025-04-29,89.6,false
70,46,2024-04-15,54.94,true
269,133,2026-03-04,294.78,true
320,52,2025-02-22,238.47,false
339,166,2024-12-20,59.82,true
69,191,2026-04-18,333.9,true
13,93,2025-02-02,143.65,false
477,105,2025-11-04,266.24,false
345,171,2025-02-25,197.45,false
486,112,2023-11-26,215.42,false
406,146,2025-09-11,267.18,false
328,107,2025-10-01,320.49,false
304,78,2026-05-30,69.61,false
225,101,2026-02-23,59.24,true
379,176,2026-05-20,153.84,false
407,24,2026-01-28,323.15,false
185,163,2024-11-21,241.81,false
93,135,2023-06-26,141.7,true
396,189,2026-01-07,110.52,false
353,153,2025-02-10,346.7,true
144,122,2024-07-19,38.8,true
249,134,2025-07-24,139.22,true
89,191,2026-03-21,332.56,false
398,49,2024-02-18,139.42,true
274,147,2023-08-23,317.31,false
66,42,2024-09-06,80.49,false
128,155,2024-12-07,121.59,true
38,88,2025-12-25,340.91,false
437,35,2026-06-04,126.62,false
176,74,2025-10-16,242.23,false
472,129,2024-09-20,203.56,false
353,49,2025-12-15,309.21,false
356,52,2025-05-29,267.84,false
497,107,2024-08-17,346.42,false
277,165,2024-08-16,296.17,true
266,165,2025-04-11,148.35,false
458,98,2024-06-01,110.0,false
138,157,2023-07-07,347.0,false
3,10,2025-10-20,93.6,true
390,58,2024-01-26,214.99,false
156,172,2025-11-15,278.19,true
311,84,2023-10-25,157.45,true
3,165,2024-08-29,197.48,true
453,137,2024-01-03,130.71,true
17,37,2025-02-17,213.83,false
10,85,2024-03-29,289.55,false
497,150,2024-07-26,78.21,false
490,168,2023-09-02,68.84,true
356,84,2023-11-07,264.96,true
130,136,2026-01-27,99.01,true
432,154,2025-02-04,298.75,true
99,36,2026-04-24,157.75,false
353,174,2025-10-06,84.15,false
104,14,2024-11-15,256.22,true
33,117,2026-01-09,110.67,true
139,14,2023-10-23,168.44,true
105,190,2024-05-11,144.08,false
327,25,2024-04-22,264.03,false
486,100,2025-03-08,207.55,false
27,183,2025-03-08,80.26,true
386,200,2024-07-23,345.18,false
45,188,2023-07-25,62.4,false
94,155,2023-08-25,271.65,true
478,196,2023-12-02,293.74,false
249,159,2026-05-30,224.6,true
416,117,2025-08-22,119.44,false
400,41,2025-01-22,41.82,false
257,150,2025-01-27,240.47,false
302,102,2024-05-18,279.78,false
427,121,2024-11-24,318.31,false
371,80,2025-11-27,27.18,false
475,199,2024-06-25,322.07,false
19,86,2026-01-14,84.46,true
156,167,2024-07-15,201.92,true
401,71,2026-01-27,95.01,false
147,146,2025-10-01,347.55,false
222,117,2026-01-01,271.94,false
112,41,2025-01-23,250.64,true
391,176,2023-09-18,243.64,false
85,121,2026-02-26,302.91,true
222,101,2023-07-02,227.4,true
21,1,2023-11-29,229.47,true
242,66,2025-08-03,249.6,true
499,199,2024-07-16,301.97,false
432,159,2025-12-22,146.47,true
178,115,2024-01-12,101.13,true
144,188,2026-02-27,314.98,false
242,101,2026-05-23,348.95,true
174,45,2025-10-30,328.12,true
268,11,2026-06-01,303.12,false
259,114,2025-11-06,25.79,false
149,21,2023-11-20,48.06,true
451,7,2026-02-02,97.27,true
61,173,2024-10-03,325.7,false
448,133,2023-08-19,170.98,true
147,195,2024-03-14,326.82,false
23,61,2024-08-19,83.9,false
105,1,2025-03-05,40.53,true
151,87,2024-08-04,168.0,false
460,145,2026-01-01,221.04,false
34,49,2026-01-31,88.44,true
180,117,2024-12-02,246.26,true
420,179,2023-11-21,247.29,true
349,20,2023-09-10,256.02,true
203,51,2023-06-28,349.54,false
248,114,2024-04-02,346.3,true
318,118,2024-05-01,99.74,false
332,141,2023-07-09,214.26,true
439,179,2025-04-26,159.38,false
302,124,2026-02-19,282.42,true
135,162,2026-01-03,118.07,true
274,5,2024-04-07,100.08,true
369,140,2023-12-08,54.98,false
238,56,2025-05-23,306.52,false
67,120,2023-10-01,335.4,false
85,128,2026-03-31,241.27,false
312,166,2024-09-25,95.16,true
49,12,2023-09-22,77.24,true
248,105,2025-09-03,37.33,true
194,31,2024-04-06,311.05,false
320,80,2023-09-18,348.75,true
316,2,2023-07-02,135.58,true
384,112,2024-10-27,195.45,true
351,92,2024-07-22,294.71,false
19,137,2023-06-26,209.72,false
280,50,2024-10-16,291.38,true
154,81,2024-07-19,106.51,true
230,61,2026-04-19,238.63,false
314,136,2024-01-14,175.82,false
487,134,2025-08-27,225.68,false
280,140,2026-02-14,215.66,true
101,89,2026-06-19,271.83,true
56,41,2024-09-27,328.27,false
322,167,2025-12-04,310.41,true
283,25,2024-01-19,126.57,true
446,5,2025-03-08,125.64,true
360,52,2025-10-07,125.72,false
168,124,2026-04-21,66.11,false
138,183,2023-08-12,45.6,false
175,69,2025-05-08,88.76,true
165,196,2024-10-31,102.63,true
484,86,2025-04-28,182.45,true
337,108,2025-05-14,156.17,true
177,139,2024-12-04,308.08,true
253,153,2026-01-04,70.35,false
216,65,2025-10-15,289.54,false
264,63,2024-10-23,60.21,true
478,191,2023-07-29,170.36,false
3,85,2025-03-09,91.52,false
250,54,2025-12-08,261.05,true
257,51,2025-03-30,84.44,true
107,171,2024-06-02,317.38,true
274,19,2023-07-05,183.8,true
95,22,2023-10-12,283.84,true
431,181,2024-02-15,40.24,true
458,152,2024-07-07,151.2,false
325,83,2026-01-20,313.95,false
377,173,2024-06-13,78.04,true
332,85,2024-05-22,112.63,false
34,23,2024-11-08,76.06,false
494,91,2025-03-18,309.48,true
358,200,2025-08-31,135.82,true
208,150,2024-05-07,113.91,true
75,94,2023-09-26,279.11,true
191,117,2024-03-04,240.69,false
131,109,2023-07-11,111.03,true
426,48,2023-12-01,128.32,true
478,48,2025-11-29,85.75,true
351,78,2025-10-08,216.89,false
118,129,2024-08-31,277.21,false
70,56,2023-08-20,269.5,true
207,161,2026-01-26,125.11,true
19,150,2025-03-28,57.23,true
101,108,2026-06-07,222.89,false
327,127,2025-08-24,245.37,true
192,107,2025-02-01,329.34,true
391,1,2025-07-27,41.42,false
23,188,2025-02-19,217.95,true
5,79,2025-12-11,272.22,false
260,28,2025-12-08,120.29,false
241,52,2023-09-27,165.94,false
377,25,2026-05-21,152.12,true
231,189,2025-07-28,242.83,false
393,1,2025-07-11,215.13,true
422,1,2026-06-03,136.58,false
145,172,2026-01-23,148.27,true
147,66,2026-04-14,328.68,true
386,187,2024-06-15,218.87,false
244,50,2025-10-17,242.26,false
276,72,2024-03-07,329.07,true
75,14,2024-04-30,97.29,true
466,117,2023-10-04,236.24,false
309,52,2024-08-08,154.36,false
267,19,2023-08-03,248.56,true
103,154,2026-03-19,193.51,true
152,151,2023-09-19,219.44,true
237,113,2024-08-12,76.26,true
406,131,2026-05-24,298.24,false
473,178,2023-07-24,194.76,true
285,85,2024-10-22,211.95,false
154,41,2025-06-17,316.67,false
60,2,2023-10-01,289.43,true
483,119,2026-06-06,220.96,false
87,177,2025-11-06,58.59,true
246,120,2023-09-13,104.87,true
176,68,2024-07-29,260.67,true
444,143,2025-06-05,284.38,true
396,114,2024-04-01,307.48,false
101,39,2024-10-27,330.58,true
42,55,2024-07-07,269.52,false
214,182,2024-11-07,88.49,false
325,91,2024-04-15,88.15,true
343,166,2026-02-28,53.67,true
350,50,2023-12-13,104.51,false
15,16,2025-02-14,121.0,true
446,165,2025-02-08,97.3,false
466,141,2026-05-24,174.56,false
314,159,2026-05-04,249.76,true
330,73,2026-05-26,131.97,true
383,44,2024-05-21,154.77,true
119,35,2024-01-17,26.03,true
169,83,2024-12-26,160.61,true
375,111,2024-05-27,300.32,true
345,75,2025-08-10,315.69,true
499,135,2025-09-08,138.6,false
224,108,2024-08-02,238.74,false
348,68,2025-01-22,101.77,true
35,188,2025-12-10,338.3,false
211,65,2023-11-23,105.22,true
78,189,2026-02-14,130.77,true
114,159,2023-12-31,335.99,true
454,157,2024-08-15,282.16,false
23,66,2026-01-11,186.4,false
341,57,2025-07-21,346.46,false
385,53,2024-09-13,67.44,false
321,166,2024-07-03,43.15,true
436,61,2026-04-10,56.11,true
137,53,2026-01-10,118.07,false
235,143,2025-12-06,109.83,false
3,144,2024-06-23,42.87,false
15,65,2025-08-15,37.87,false
229,124,2025-01-19,128.12,false
479,56,2025-06-05,265.88,false
238,6,2026-06-10,337.86,true
138,148,2024-07-22,313.38,true
90,161,2024-07-11,190.95,false
215,124,2025-06-14,62.35,true
51,198,2025-12-10,317.44,false
149,70,2025-10-13,339.16,true
366,75,2024-06-26,268.22,true
21,105,2025-03-03,200.87,true
453,87,2023-11-23,126.36,false
22,195,2024-07-03,321.51,true
25,34,2025-11-13,114.76,false
99,187,2023-12-22,338.26,true
231,47,2024-04-16,265.81,true
180,143,2024-06-21,342.91,false
147,146,2023-08-08,345.53,false
342,116,2025-07-30,222.62,false
66,42,2023-10-19,149.59,false
338,76,2024-02-28,279.11,true
355,51,2024-09-12,339.07,false
230,134,2023-09-07,73.64,false
321,95,2026-05-27,184.31,false
438,19,2025-12-31,273.85,false
215,70,2025-11-27,259.42,true
491,85,2026-02-26,305.15,true
117,83,2024-06-16,290.31,false
264,49,2024-04-05,291.03,true
457,158,2023-11-30,45.77,false
385,50,2023-09-13,252.13,false
311,126,2024-11-07,252.54,false
172,145,2023-10-09,214.37,true
203,51,2025-04-06,300.11,true
251,92,2024-08-29,250.65,false
215,3,2026-06-10,302.72,true
207,57,2023-09-04,314.67,false
117,114,2024-05-22,125.15,true
92,171,2024-10-27,167.78,true
305,128,2024-01-31,306.71,true
414,61,2025-11-28,199.4,false
431,81,2025-11-28,84.56,true
345,143,2023-09-01,300.61,true
74,100,2023-09-04,272.29,false
138,118,2025-06-01,270.78,false
396,6,2026-04-16,263.21,false
35,195,2026-03-14,155.28,true
289,191,2024-01-12,340.03,true
315,43,2025-07-03,28.02,false
387,119,2025-09-04,225.5,true
414,59,2024-08-24,172.13,false
273,119,2023-09-02,213.88,true
393,138,2026-04-25,31.07,false
224,133,2024-11-24,51.08,false
356,120,2023-06-29,319.67,false
369,160,2025-08-20,319.25,true
344,15,2023-12-19,177.41,false
332,29,2025-01-08,324.87,false
207,168,2026-01-30,228.49,false
12,159,2026-06-08,250.98,false
442,93,2025-04-11,151.06,false
293,107,2025-10-31,271.7,true
280,117,2025-08-20,291.86,true
50,91,2025-05-11,311.2,true
13,112,2024-04-22,236.17,false
125,82,2024-04-04,256.19,true
309,22,2024-12-15,241.36,true
99,53,2026-04-26,80.47,false
470,124,2024-12-02,40.0,false
134,155,2024-11-22,235.88,true
253,161,2024-07-03,139.55,true
104,50,2026-04-24,262.7,true
65,199,2025-01-23,70.81,false
466,76,2024-07-29,122.13,false
319,85,2024-01-10,289.49,false
109,72,2024-10-26,345.53,true
349,22,2023-08-04,186.56,false
317,51,2026-04-10,39.64,true
120,100,2023-07-16,101.12,true
390,148,2023-10-16,131.05,true
336,1,2025-05-22,112.29,true
31,106,2024-11-22,104.96,false
423,86,2024-01-16,245.61,false
51,11,2026-01-05,343.93,true
52,161,2025-03-04,48.89,false
183,59,2025-10-14,317.46,true
238,194,2025-04-24,228.44,true
66,154,2025-10-14,242.99,false
258,146,2025-04-30,312.06,true
76,70,2024-11-10,327.54,true
339,128,2026-05-15,226.42,false
489,63,2026-05-02,87.13,true
327,82,2026-02-20,178.6,true
174,13,2024-11-03,255.68,true
428,148,2025-03-13,255.18,false
404,42,2023-08-23,65.12,true
69,26,2024-03-11,51.22,false
355,164,2026-06-09,132.44,true
364,141,2025-06-25,133.57,false
363,161,2023-11-05,59.52,false
215,21,2023-10-17,103.55,false
457,144,2025-09-09,47.86,false
340,154,2026-06-02,319.28,false
419,78,2025-04-25,229.26,false
228,1,2026-01-10,40.33,false
240,138,2024-04-04,318.38,true
391,73,2026-02-02,298.82,false
167,2,2024-02-27,287.85,false
124,100,2026-01-28,88.91,true
63,155,2025-08-14,345.38,true
359,41,2025-05-17,86.26,false
454,58,2023-08-03,249.74,true
42,73,2024-05-09,190.95,false
247,19,2024-09-21,140.73,true
109,195,2024-05-05,230.55,true
287,63,2023-06-27,92.45,false
347,120,2024-11-02,301.58,true
77,30,2026-02-04,192.55,true
325,180,2025-06-27,251.52,true
423,176,2026-05-11,269.26,true
471,128,2024-10-07,285.45,true
122,199,2025-06-08,67.02,false
172,23,2024-07-13,123.94,false
353,1,2024-10-29,77.52,false
220,169,2024-04-11,150.5,false
93,159,2024-12-03,342.49,true
488,147,2025-11-02,138.52,true
373,16,2024-09-29,316.57,true
320,143,2024-07-24,344.92,false
259,120,2025-07-22,323.41,false
382,40,2023-08-30,300.26,true
498,22,2026-03-10,208.71,false
261,61,2026-01-12,207.02,true
151,25,2024-04-20,107.65,false
194,116,2025-09-16,47.95,true
173,40,2025-02-10,115.42,true
236,1,2025-03-02,140.58,true
201,78,2024-04-25,260.56,false
413,55,2024-06-14,37.12,false
301,117,2025-08-17,225.33,false
232,188,2023-12-26,78.96,false
320,95,2024-02-28,73.29,true
100,119,2024-09-10,265.04,false
173,120,2024-03-19,158.33,true
226,119,2025-11-12,334.32,false
444,122,2025-08-24,133.61,true
146,138,2024-01-17,122.17,false
122,106,2025-08-16,26.33,false
147,61,2026-04-27,120.93,true
90,97,2024-05-20,200.52,true
178,67,2026-01-21,287.63,false
231,161,2024-04-27,290.85,true
4,146,2024-05-20,214.65,true
254,80,2023-11-29,277.86,true
454,65,2023-11-05,165.84,true
220,24,2025-07-07,236.57,true
436,17,2024-01-19,285.29,true
115,165,2026-04-24,74.49,false
76,70,2024-07-05,48.34,true
273,181,2025-12-04,121.45,false
80,119,2023-06-23,334.56,true
229,151,2025-07-31,118.67,true
319,91,2024-02-28,58.12,true
53,94,2024-07-16,32.97,true
336,190,2023-10-10,230.54,false
291,116,2025-05-23,214.63,true
181,154,2023-09-26,348.07,false
64,116,2024-04-22,249.91,true
492,73,2025-06-15,333.85,true
48,83,2025-12-18,272.55,true
123,138,2023-11-09,335.56,false
241,167,2026-01-20,308.11,true
30,196,2025-09-02,140.45,true
311,142,2025-08-30,278.23,false
372,83,2026-04-05,292.18,false
138,2,2025-03-19,116.2,false
232,93,2024-03-02,100.07,false
19,153,2023-12-08,328.15,false
346,185,2024-07-19,320.25,false
376,75,2023-11-23,161.91,true
1,34,2026-01-28,314.42,true
240,42,2023-12-10,237.04,false
346,180,2023-12-07,199.0,false
132,77,2025-07-30,293.51,true
189,156,2024-05-22,209.8,true
310,15,2024-11-02,129.72,false
181,18,2024-03-22,220.96,true
181,55,2025-08-26,130.16,false
149,64,2023-12-09,318.4,false
187,93,2023-12-27,329.2,false
32,39,2025-04-28,235.55,true
325,53,2024-07-31,302.42,true
318,36,2025-02-19,96.29,true
24,189,2026-04-17,218.66,false
214,70,2025-01-11,322.8,false
7,175,2024-10-11,298.58,true
44,40,2024-07-29,309.14,false
125,19,2026-03-12,102.0,true
129,34,2024-09-02,130.64,false
37,54,2025-12-16,232.45,false
32,165,2025-12-11,227.35,false
494,9,2024-04-22,242.67,false
333,146,2026-01-31,84.28,false
310,13,2024-03-12,188.28,true
295,86,2025-05-30,262.33,true
127,132,2024-02-03,87.57,false
148,117,2026-06-01,81.75,false
99,166,2024-04-04,342.82,true
336,116,2026-04-17,265.25,false
226,22,2024-02-21,109.85,false
384,93,2026-01-02,153.95,true
393,196,2026-03-23,120.96,true
125,63,2023-12-07,266.69,false
336,68,2025-12-27,224.84,true
423,56,2025-12-10,111.06,false
191,122,2024-12-27,254.11,false
103,61,2024-06-14,129.0,true
393,21,2023-11-08,149.61,true
133,48,2025-06-08,43.66,false
473,102,2025-07-31,262.64,false
453,79,2024-07-27,208.83,false
262,87,2024-05-11,233.71,false
309,191,2026-03-12,60.77,false
401,40,2025-02-22,159.07,false
209,166,2026-02-24,93.02,true
51,24,2023-10-15,308.73,true
157,57,2025-11-06,277.03,true
256,177,2026-05-05,29.95,false
464,177,2024-03-02,316.0,false
16,42,2024-08-27,267.94,false
425,187,2024-04-26,96.88,false
497,108,2024-02-13,171.64,false
243,45,2026-01-31,320.85,true
212,88,2025-10-08,210.53,false
261,34,2025-05-11,66.29,false
322,147,2024-06-05,158.08,false
371,41,2025-08-18,334.11,false
12,105,2026-04-30,185.13,true
338,61,2025-03-03,345.03,true
490,150,2023-07-26,109.68,false
23,149,2026-03-17,289.48,true
496,4,2024-04-10,139.35,false
446,195,2024-02-08,53.87,true
238,188,2024-02-28,51.33,false
179,110,2023-12-26,231.83,true
161,197,2024-04-06,184.66,false
134,61,2026-02-11,233.72,false
442,133,2023-10-22,114.82,true
417,26,2024-12-16,60.97,true
450,53,2024-12-16,326.72,false
205,86,2026-01-15,58.86,true
371,6,2026-02-27,304.93,true
491,69,2026-04-22,292.16,true
148,73,2025-08-26,332.02,false
452,19,2026-06-04,83.86,true
24,114,2025-02-24,158.74,true
85,92,2025-04-07,323.93,true
26,86,2023-09-27,123.81,true
429,50,2024-03-29,59.55,false
461,148,2025-05-21,127.14,true
213,181,2026-05-13,236.61,false
91,192,2025-01-09,87.4,false
318,72,2023-11-26,128.59,true
301,81,2025-06-05,261.47,false
271,143,2026-02-10,276.24,true
220,172,2023-09-03,332.81,true
234,65,2023-09-22,202.95,false
466,185,2025-05-01,154.44,true
229,1,2024-07-20,195.71,true
162,151,2024-01-08,49.49,true
493,196,2024-06-10,189.77,false
444,50,2024-12-25,128.4,true
281,87,2024-07-01,320.69,true
463,54,2023-09-18,151.09,false
185,199,2023-12-06,92.97,false
201,95,2023-09-06,269.17,false
255,44,2024-03-27,198.06,true
261,116,2026-04-12,36.51,true
151,123,2023-11-26,335.16,true
80,106,2024-02-20,306.22,true
458,11,2026-04-08,82.61,true
326,54,2026-03-25,70.34,false
373,195,2026-06-18,84.9,true
336,156,2023-09-15,316.8,false
207,181,2024-12-28,298.0,true
50,50,2026-03-26,81.87,true
70,186,2024-08-12,30.3,false
15,37,2025-10-08,241.51,true
51,11,2023-09-02,134.36,false
449,34,2026-02-02,56.31,true
18,93,2025-03-05,174.66,true
101,167,2025-08-12,183.09,true
246,125,2023-09-09,200.53,false
315,2,2025-09-15,210.84,true
270,107,2025-06-24,69.57,false
370,55,2025-10-13,197.27,false
444,42,2025-08-22,67.74,false
339,170,2024-02-01,340.81,true
158,68,2023-12-13,263.21,false
360,123,2025-02-03,225.99,true
310,73,2024-05-10,242.64,true
81,65,2026-05-04,41.77,true
262,75,2025-07-08,187.34,false
442,138,2025-01-16,37.39,true
253,64,2023-07-01,88.7,false
292,173,2025-11-10,57.81,false
250,121,2024-10-02,185.92,false
438,93,2024-12-16,209.48,false
54,108,2025-11-29,208.81,false
41,36,2024-09-23,348.74,false
116,176,2024-03-04,335.2,true
359,62,2025-05-09,228.08,false
160,81,2024-05-21,85.65,false
452,119,2026-06-14,241.74,true
88,85,2026-03-05,67.77,false
125,52,2026-06-11,99.23,true
130,105,2024-02-06,99.9,true
178,12,2023-08-28,79.47,true
404,16,2024-09-20,47.6,true
198,155,2024-08-10,180.02,true
190,57,2024-11-08,283.4,false
3,74,2026-02-16,29.64,false
86,81,2026-05-09,324.8,true
84,133,2023-09-01,307.85,true
151,137,2026-05-20,153.85,true
436,196,2024-12-31,285.59,false
194,88,2023-10-31,75.31,true
63,37,2024-04-06,123.14,true
164,99,2024-05-13,54.21,true
377,23,2024-12-18,240.39,true
410,181,2024-07-18,187.93,true
256,158,2026-02-16,326.87,true
290,101,2025-12-01,101.68,true
370,50,2024-06-30,209.6,false
148,82,2025-04-24,347.46,true
173,147,2023-11-05,349.34,false
130,94,2025-04-08,266.27,true
401,81,2023-08-03,161.55,true
369,2,2026-02-28,238.04,true
261,168,2025-11-08,120.37,false
141,142,2026-05-13,308.63,true
201,116,2025-04-06,101.57,true
324,129,2023-11-25,113.67,false
357,121,2025-06-15,178.05,true
433,183,2025-06-05,53.01,true
69,119,2025-11-26,135.24,false
178,78,2025-03-27,243.02,false
480,19,2025-06-13,41.01,true
240,79,2026-01-27,296.19,false
145,94,2026-03-09,277.06,true
81,43,2023-07-01,61.14,true
301,86,2025-03-31,220.94,true
239,58,2026-04-27,113.45,false
494,13,2024-08-10,234.01,true
69,63,2024-06-08,122.94,true
377,146,2024-06-09,95.7,false
274,8,2024-06-16,325.84,true
31,165,2025-02-28,92.84,false
186,50,2025-07-10,142.85,true
73,189,2025-04-26,45.43,true
306,153,2023-06-22,221.52,true
452,47,2024-09-01,28.22,true
357,93,2026-06-17,161.62,false
107,166,2023-07-20,250.46,true
429,101,2026-05-25,348.85,false
413,162,2025-09-18,154.72,false
29,94,2023-07-17,237.13,true
238,3,2025-11-19,91.84,true
453,80,2025-01-07,170.25,true
469,139,2023-11-27,77.27,true
359,101,2024-08-10,289.27,true
466,188,2026-01-28,313.35,false
275,199,2024-09-11,317.24,true
334,182,2024-09-11,343.64,true
364,12,2024-12-24,246.89,false
206,131,2024-01-31,223.59,false
146,61,2026-03-26,87.91,true
11,39,2024-09-16,102.29,true
5,128,2024-08-04,28.82,true
331,141,2024-08-14,83.51,true
335,12,2023-09-03,188.72,true
220,19,2024-07-20,329.23,false
96,138,2024-04-27,205.1,false
228,64,2026-02-04,223.19,false
23,165,2025-04-24,171.14,true
297,117,2024-09-14,58.68,true
479,118,2025-11-02,81.35,true
327,3,2024-06-07,241.09,true
434,117,2024-11-25,107.49,true
287,24,2026-05-30,93.71,true
413,98,2024-02-25,29.72,false
230,129,2025-01-11,134.0,false
114,60,2024-08-09,133.26,false
21,22,2025-10-19,246.37,true
375,111,2025-02-04,270.75,true
152,31,2026-02-20,155.74,true
116,175,2024-10-11,66.04,false
495,69,2024-07-10,258.84,false
469,133,2025-06-30,26.55,false
361,39,2026-05-21,309.84,true
137,36,2024-02-25,333.83,true
14,13,2024-01-31,192.09,true
232,72,2025-06-05,109.28,true
155,101,2026-06-16,95.36,false
231,139,2025-09-17,56.31,true
429,89,2023-11-05,169.55,false
493,71,2026-01-30,262.47,false
413,138,2023-11-18,279.82,false
292,8,2023-10-06,179.44,false
385,55,2025-02-16,83.19,true
419,51,2026-03-22,180.13,false
396,100,2026-03-18,236.23,false
171,73,2025-01-30,226.66,false
227,151,2023-11-22,271.78,true
473,102,2026-03-26,280.9,true
407,2,2025-12-25,107.04,false
32,36,2023-09-07,277.03,true
284,155,2024-10-16,66.38,true
13,44,2024-12-11,181.3,true
481,66,2025-03-25,296.59,true
337,151,2024-06-27,317.17,true
500,57,2025-01-31,204.08,true
15,175,2026-03-03,199.35,false
85,75,2025-06-07,120.42,false
94,143,2024-04-02,72.33,false
9,50,2025-08-02,27.06,true
195,130,2025-09-27,283.9,false
262,152,2024-10-11,80.41,false
175,3,2025-08-18,185.06,false
276,71,2023-09-30,252.58,true
399,2,2025-11-24,284.99,false
270,17,2024-01-29,88.33,false
435,34,2026-05-15,137.64,true
55,52,2024-07-12,120.79,false
269,54,2024-10-22,268.87,true
44,41,2024-04-24,90.02,true
364,94,2025-03-30,307.3,true
97,49,2024-02-01,38.21,false
403,29,2026-04-27,349.97,false
405,176,2025-04-12,38.07,true
211,144,2026-03-10,236.71,true
400,9,2026-02-27,264.17,true
31,122,2025-07-17,109.14,false
268,147,2024-11-27,56.45,false
443,95,2024-02-27,70.17,false
399,186,2024-03-18,102.74,true
331,54,2025-11-04,245.4,false
152,72,2025-03-01,294.05,false
354,190,2025-11-08,172.57,true
262,182,2024-11-21,173.1,true
221,6,2025-12-01,281.7,false
155,107,2024-08-23,44.16,true
317,13,2025-01-13,76.72,false
7,200,2024-09-23,236.09,false
313,82,2024-07-26,317.42,true
484,160,2025-01-15,108.89,true
378,143,2024-05-15,134.06,false
293,163,2023-12-05,135.38,false
393,22,2025-01-05,161.8,false
404,160,2025-09-01,236.6,false
99,6,2024-10-25,300.33,false
82,107,2026-01-25,124.15,true
161,80,2025-10-19,338.66,true
270,192,2024-10-06,49.39,true
442,105,2025-11-01,290.37,false
206,135,2025-12-07,218.93,false
458,126,2024-02-16,194.5,true
199,1,2026-01-09,111.55,true
430,105,2025-12-27,242.04,true
37,129,2025-08-21,244.87,true
448,92,2023-07-14,153.66,false
341,97,2023-08-28,78.41,false
87,73,2023-12-22,289.49,false
210,154,2025-05-10,107.01,false
176,71,2024-08-14,159.22,false
459,41,2025-03-07,36.38,true
343,3,2024-01-09,305.16,true
227,43,2025-04-19,120.95,false
487,131,2026-03-01,303.23,true
496,117,2023-06-24,42.24,true
224,101,2024-11-03,276.01,true
280,2,2025-02-11,224.03,false
293,183,2025-10-10,341.75,true
463,78,2024-11-30,102.61,false
280,14,2024-04-18,204.1,true
327,64,2023-11-28,347.53,false
250,120,2025-02-20,76.43,true
173,108,2026-02-08,79.22,false
37,138,2025-06-16,335.04,false
17,104,2025-12-29,246.05,true
141,142,2024-02-09,302.24,false
33,25,2023-10-17,76.17,false
402,147,2025-11-12,297.07,true
375,110,2024-07-16,331.74,true
387,144,2026-03-11,134.15,true
298,85,2024-12-31,125.28,false
57,65,2025-02-16,178.21,false
186,108,2025-09-20,40.91,true
321,133,2025-08-26,269.99,true
201,133,2025-11-25,94.05,false
284,168,2024-12-18,38.69,true
140,6,2026-01-10,305.98,false
338,14,2025-03-01,297.47,true
302,107,2024-08-23,164.14,true
86,128,2024-06-08,236.79,false
387,144,2025-02-15,196.17,true
162,109,2025-03-06,51.0,false
451,139,2026-05-31,229.61,false
101,14,2025-11-10,114.52,false
406,137,2025-08-04,254.71,false
288,131,2023-07-16,303.67,true
99,65,2024-03-28,68.97,false
52,40,2025-09-01,333.08,false
391,128,2023-09-04,286.53,true
487,120,2026-04-14,278.78,false
161,194,2024-05-25,41.6,false
439,46,2025-02-20,171.4,false
256,14,2025-10-05,200.21,true
260,170,2024-04-03,46.11,true
186,20,2024-04-05,63.31,true
164,2,2025-05-18,341.33,true
248,138,2024-09-07,282.5,true
18,176,2024-04-06,25.18,false
149,148,2023-12-28,196.5,false
169,152,2024-01-27,150.27,false
398,190,2024-12-13,241.89,false
483,16,2025-08-21,179.51,false
189,64,2025-02-25,32.41,true
305,33,2025-05-15,29.71,false
19,86,2024-05-19,259.99,false
17,133,2024-07-16,32.37,true
184,100,2025-11-13,243.09,true
362,95,2025-06-27,54.83,true
303,16,2023-07-24,178.37,true
156,10,2026-03-17,134.74,false
484,148,2026-03-18,184.06,false
339,29,2025-12-04,267.09,true
295,30,2026-02-14,305.22,false
62,118,2025-07-28,228.06,true
417,118,2025-04-20,212.48,true
429,151,2026-02-16,30.6,true
417,116,2025-06-26,169.93,true
64,105,2023-10-09,260.72,true
145,19,2025-04-28,52.36,true
198,189,2023-10-08,210.0,true
281,153,2024-08-03,55.76,false
130,55,2024-08-22,175.83,true
37,155,2025-11-22,342.01,true
285,163,2026-01-04,266.9,true
325,195,2026-05-19,253.26,false
357,11,2023-10-06,114.68,true
143,123,2024-09-26,148.69,true
282,100,2024-10-26,48.52,false
391,74,2024-05-23,95.01,true
37,54,2023-07-15,136.46,false
224,24,2025-06-30,108.88,true
239,189,2023-10-27,189.25,false
221,31,2024-06-22,236.22,true
433,69,2023-12-18,323.1,false
62,82,2024-07-21,174.68,false
79,47,2023-09-20,329.27,false
325,132,2025-08-17,165.69,false
420,153,2024-02-22,98.16,false
185,52,2025-06-10,231.58,true
29,184,2025-08-10,209.72,false
194,26,2024-03-02,128.33,true
41,65,2023-10-14,154.35,false
335,50,2023-07-10,269.55,false
248,49,2024-01-08,31.91,false
325,146,2025-02-02,62.15,false
500,129,2024-05-08,40.9,false
62,148,2023-07-25,72.42,true
74,165,2025-02-04,95.29,true
232,195,2026-01-16,197.81,true
268,192,2025-06-16,147.22,true
366,195,2024-03-01,67.78,true
283,108,2024-02-03,330.37,false
187,2,2026-02-04,317.66,true
183,59,2024-02-23,277.52,false
85,3,2023-10-06,292.67,false
313,138,2026-04-16,42.68,true
256,16,2025-11-17,216.13,false
168,3,2024-07-03,184.83,false
209,152,2024-01-07,134.51,false
38,151,2025-08-13,38.32,false
41,15,2025-02-07,330.62,true
281,17,2026-04-03,187.13,false
448,2,2024-08-11,312.89,false
476,75,2024-01-17,333.65,false
207,113,2024-09-25,69.73,true
198,155,2024-02-07,72.57,true
46,113,2026-03-02,168.96,false
323,50,2024-03-02,31.56,true
5,110,2023-07-06,54.91,false
480,119,2024-10-27,264.52,false
476,30,2023-09-08,309.46,true
384,50,2025-05-23,84.97,true
13,194,2025-06-28,289.25,true
79,185,2024-08-20,308.57,true
125,26,2026-05-30,249.42,true
134,164,2025-09-27,347.71,true
458,129,2024-11-25,131.03,false
359,79,2024-05-24,87.9,false
19,175,2025-02-19,332.04,false
490,199,2024-11-30,200.9,true
484,159,2024-05-23,255.32,true
197,112,2023-10-24,113.8,false
346,125,2023-12-01,319.03,false
397,165,2026-05-02,149.44,false
197,65,2023-12-21,297.01,false
75,197,2024-04-22,132.13,true
185,168,2025-07-01,64.49,false
346,194,2023-09-30,160.53,true
235,192,2024-03-18,320.99,false
351,117,2024-07-13,247.02,true
101,65,2024-03-05,143.13,false
404,16,2025-05-19,222.36,false
99,77,2026-05-28,182.81,false
426,1,2026-05-06,179.31,false
456,29,2025-03-30,207.6,false
193,170,2024-06-21,174.69,true
227,192,2023-07-09,346.45,true
234,171,2026-01-29,64.74,false
40,28,2023-07-14,50.54,false
72,88,2025-11-06,160.01,false
89,95,2024-06-27,90.4,false
435,3,2025-04-23,348.31,true
327,181,2025-02-15,32.65,true
404,145,2023-06-23,344.38,true
282,31,2024-05-22,233.74,true
214,199,2025-05-07,114.01,true
154,91,2024-08-09,189.45,false
151,116,2026-02-19,181.33,true
379,175,2025-02-25,318.67,true
270,199,2023-10-07,236.0,false
246,141,2023-12-13,35.51,false
57,195,2023-10-05,148.65,true
139,103,2025-04-26,171.53,true
265,170,2026-01-04,323.78,false
87,187,2025-07-21,110.59,false
105,170,2023-11-19,257.52,false
483,87,2026-01-21,232.48,true
416,85,2025-11-07,159.75,true
27,88,2024-09-06,177.98,false
346,106,2023-10-08,328.95,true
328,64,2024-06-28,251.98,false
74,153,2025-01-29,337.51,true
167,195,2023-11-18,240.11,true
157,147,2025-06-21,338.11,true
243,163,2025-01-13,284.05,true
80,14,2024-08-27,142.75,false
365,199,2025-11-12,86.54,false
466,69,2025-01-14,26.0,false
5,148,2024-03-06,162.88,false
473,75,2024-08-03,306.25,true
463,41,2025-02-17,225.45,true
192,74,2025-10-29,228.69,true
15,13,2025-07-22,246.62,false
370,125,2025-07-20,237.51,true
140,138,2023-12-11,182.07,true
459,93,2025-01-04,227.97,false
31,132,2024-12-11,92.11,false
200,128,2025-08-18,309.84,true
240,180,2023-07-13,309.95,true
52,93,2025-12-21,261.39,false
448,114,2026-01-19,97.39,false
268,20,2025-02-27,146.36,true
199,70,2025-09-15,48.64,false
478,82,2024-09-13,62.58,false
81,139,2026-01-17,111.21,true
92,1,2026-05-29,296.35,true
442,31,2024-12-02,87.2,false
331,98,2023-07-03,35.86,true
277,8,2026-03-15,69.02,true
434,115,2024-09-16,177.11,true
404,125,2025-02-24,127.41,true
328,41,2025-12-08,62.89,true
298,137,2026-01-10,154.35,true
419,138,2026-05-12,234.36,false
305,59,2024-01-25,36.84,false
284,128,2024-11-13,178.47,false
391,31,2024-11-03,134.63,true
44,63,2025-11-27,35.13,false
161,36,2024-12-06,104.43,true
421,145,2025-12-26,25.24,false
73,118,2024-10-02,272.27,false
42,1,2026-02-20,214.4,true
66,100,2024-01-25,91.66,false
401,41,2024-09-13,99.82,false
254,34,2023-08-02,213.37,false
127,146,2024-05-28,42.58,false
58,187,2025-11-06,124.69,true
450,150,2025-08-30,29.87,false
386,58,2026-03-01,48.85,false
21,49,2024-08-01,276.77,true
300,43,2026-01-27,177.93,false
23,51,2024-11-14,220.95,true
463,4,2025-12-28,152.71,false
458,43,2024-05-27,44.74,false
499,138,2024-10-06,184.72,false
78,119,2023-07-20,274.8,false
53,78,2025-12-15,49.62,true
258,70,2025-04-16,332.88,false
79,72,2024-06-18,126.36,false
171,52,2023-09-28,169.56,true
344,9,2023-12-13,204.97,false
251,20,2024-05-11,139.18,false
15,29,2025-10-14,268.5,false
461,58,2026-05-09,195.48,true
453,24,2025-01-29,220.55,true
21,199,2024-04-23,313.44,true
125,191,2025-11-16,311.14,false
363,31,2024-11-01,291.14,true
402,116,2024-10-24,297.75,false
12,149,2024-05-12,91.46,true
108,32,2026-04-03,175.77,false
188,72,2024-07-19,347.04,true
104,86,2024-08-07,170.05,true
253,148,2025-04-29,212.05,true
482,85,2026-01-29,97.64,false
262,164,2025-08-25,176.43,false
246,183,2023-06-27,133.11,true
465,168,2024-04-30,171.09,false
395,131,2024-04-07,190.76,true
320,166,2025-04-12,71.09,true
485,183,2024-12-16,294.17,false
91,147,2023-08-03,180.18,false
156,10,2024-07-11,229.09,true
130,50,2025-02-13,127.53,false
262,155,2026-03-16,202.34,false
183,194,2025-12-30,50.76,false
280,24,2024-11-22,169.6,true
49,81,2025-09-19,161.74,false
484,29,2023-10-14,244.21,false
327,113,2025-05-29,347.02,false
317,183,2025-08-30,340.36,true
321,174,2024-05-21,255.59,true
390,58,2025-12-02,101.33,false
381,141,2023-09-13,185.94,true
325,91,2025-07-06,270.68,true
348,56,2026-01-09,68.91,false
48,83,2024-04-27,246.68,true
405,19,2024-07-07,272.46,false
467,116,2025-03-11,132.99,true
69,108,2026-06-06,244.29,false
378,88,2025-05-29,196.44,true
468,16,2026-04-11,26.06,true
171,52,2023-06-26,113.18,true
181,127,2023-09-25,45.45,false
8,82,2025-07-27,223.88,false
145,20,2026-01-06,318.17,false
267,32,2025-05-19,135.51,true
297,34,2023-12-19,92.3,false
197,121,2023-06-27,78.0,false
397,159,2024-01-11,244.03,true
172,199,2025-04-11,304.93,false
294,155,2026-06-08,291.1,true
329,134,2024-03-12,223.77,false
297,57,2024-07-17,295.88,true
116,170,2023-07-01,45.0,true
224,24,2025-03-17,297.53,true
85,114,2025-10-23,329.53,false
377,173,2024-01-14,78.21,false
365,82,2023-12-16,290.4,true
118,35,2024-08-24,207.82,false
437,177,2026-04-28,185.7,false
284,6,2025-06-27,250.65,true
272,102,2023-11-19,212.1,true
486,33,2025-03-17,224.39,true
255,39,2024-01-20,165.92,true
407,25,2026-03-19,162.58,false
307,87,2026-03-03,106.08,false
465,79,2025-01-19,304.38,false
186,196,2024-08-31,328.79,false
42,164,2025-04-18,314.51,false
428,20,2024-09-04,91.48,true
259,42,2025-09-14,237.84,true
261,43,2024-11-16,252.23,true
248,116,2025-08-11,333.52,false
69,108,2025-07-23,27.14,false
394,72,2024-02-06,167.25,true
27,52,2025-10-06,156.13,false
423,175,2023-09-07,69.36,false
42,199,2023-10-21,297.43,true
51,159,2024-11-17,70.17,true
308,36,2025-08-17,209.58,true
133,196,2026-03-19,192.79,false
124,85,2026-03-13,282.36,true
354,149,2025-04-12,166.67,true
426,118,2024-06-20,158.84,true
399,155,2025-04-17,278.57,true
391,77,2025-07-19,217.74,true
45,146,2026-03-11,137.17,true
402,61,2025-09-02,305.35,false
36,112,2023-09-01,174.12,true
222,51,2025-04-26,111.35,true
85,116,2025-08-24,266.43,true
290,157,2025-11-15,328.42,false
344,57,2026-04-28,249.75,false
352,101,2025-10-18,97.09,true
343,52,2026-04-01,320.68,false
260,20,2025-04-12,216.83,true
285,72,2025-07-16,332.98,true
145,79,2023-12-04,265.19,false
5,117,2024-06-14,123.0,false
238,155,2026-05-08,192.54,false
286,71,2024-02-07,246.11,true
348,68,2026-01-03,194.32,true
315,56,2025-09-07,306.12,false
360,54,2024-12-14,40.02,true
147,152,2024-12-24,234.72,false
275,8,2025-05-27,265.21,false
429,150,2025-11-22,61.78,false
62,36,2024-06-05,79.54,true
1,46,2024-06-18,98.0,false
235,192,2025-02-27,186.47,false
296,87,2025-01-01,334.34,true
77,82,2024-07-11,207.05,false
478,95,2026-02-10,170.83,false
204,133,2025-10-26,130.4,false
37,1,2026-06-20,104.01,false
378,153,2024-10-08,157.45,false
323,195,2026-05-30,79.51,false
210,136,2025-07-26,146.29,true
181,55,2024-07-24,193.69,false
22,73,2024-11-11,296.21,false
97,182,2024-03-27,197.19,false
109,146,2023-09-14,83.14,true
44,46,2026-06-09,99.24,true
263,63,2024-06-19,247.26,true
268,1,2025-01-30,348.96,false
406,56,2023-09-12,158.87,true
431,87,2025-07-28,210.73,true
435,196,2024-10-23,189.46,false
376,84,2025-10-31,243.9,false
177,26,2023-11-21,308.76,true
205,199,2025-11-28,316.13,false
413,90,2024-11-22,86.8,true
439,111,2023-11-25,73.96,true
37,49,2025-05-15,225.93,false
452,116,2024-08-16,196.6,false
207,37,2023-11-13,251.4,true
252,195,2023-08-12,25.98,false
58,117,2025-11-30,203.85,true
361,96,2024-06-12,148.41,false
27,122,2024-08-29,62.36,false
13,165,2025-09-01,341.44,true
431,15,2025-01-10,51.07,false
300,164,2025-06-12,48.43,false
223,63,2024-08-21,290.19,false
110,72,2023-07-18,170.13,true
325,180,2025-12-18,162.66,true
115,13,2025-05-18,177.56,false
426,190,2026-05-28,136.14,true
282,159,2024-04-20,38.07,false
169,133,2023-11-13,78.07,true
59,42,2026-05-18,147.42,true
202,105,2024-04-06,43.36,true
76,44,2026-01-15,70.61,true
93,58,2025-05-14,276.63,true
53,143,2024-07-02,275.72,true
73,34,2023-08-28,63.58,true
388,20,2025-06-06,64.01,true
444,85,2024-02-08,96.65,true
471,145,2026-05-19,232.78,true
42,114,2024-12-23,216.24,false
471,25,2024-05-28,83.54,true
411,28,2026-03-30,124.45,false
69,119,2023-07-23,40.63,true
26,189,2026-01-29,336.96,false
13,21,2026-01-09,208.81,false
435,74,2025-06-22,93.56,true
77,178,2026-02-21,276.01,false
85,157,2025-03-14,306.43,true
464,112,2024-10-02,304.09,true
347,195,2023-12-29,226.03,true
334,45,2024-04-19,216.91,true
433,181,2024-08-03,30.54,false
61,159,2024-08-16,188.41,false
452,95,2025-06-27,257.91,true
174,101,2023-10-18,223.67,true
196,188,2024-12-07,312.93,false
235,117,2023-10-03,278.17,false
20,123,2024-11-16,34.94,false
303,56,2024-05-23,229.25,true
261,132,2025-08-23,95.61,true
170,139,2024-01-04,51.69,false
247,116,2025-01-24,298.39,true
309,88,2023-07-10,219.8,false
462,194,2025-07-19,300.91,true
100,128,2024-04-20,343.85,false
126,49,2026-06-06,318.2,false
300,114,2023-10-06,210.96,true
209,43,2024-07-05,310.6,false
235,48,2025-11-19,262.98,false
366,17,2023-11-15,340.3,true
341,76,2025-04-01,97.56,true
248,59,2026-05-15,230.36,false
297,56,2023-09-26,32.73,false
413,105,2025-09-26,58.05,true
5,148,2024-04-08,258.32,false
155,84,2025-03-30,311.2,false
11,119,2026-04-30,86.7,true
384,53,2025-07-03,100.14,true
336,26,2025-10-07,318.81,true
25,60,2024-07-15,100.3,false
139,183,2024-06-15,137.27,true
235,26,2023-12-22,54.15,false
126,53,2025-02-22,285.13,false
325,88,2023-07-12,196.02,true
82,25,2024-11-25,233.85,true
316,165,2026-05-01,109.3,false
317,125,2025-07-03,35.72,false
80,71,2024-09-14,248.99,true
7,44,2026-03-06,136.48,true
64,82,2025-07-04,103.32,false
421,161,2024-09-10,260.03,false
470,17,2024-03-13,164.93,false
51,101,2023-08-27,68.24,false
214,30,2025-04-26,205.31,false
153,44,2023-07-30,252.6,true
31,56,2025-11-25,285.48,true
277,180,2024-12-19,95.91,true
492,21,2024-10-23,305.55,false
53,77,2024-12-04,36.76,false
382,50,2024-02-14,92.12,true
38,141,2026-03-31,244.69,false
461,186,2025-10-12,298.69,false
333,142,2024-02-09,301.8,true
395,50,2024-04-12,31.1,true
474,159,2023-08-05,130.86,false
56,93,2025-09-04,153.13,false
190,116,2025-06-10,60.24,true
156,89,2023-07-10,291.09,false
280,197,2024-04-16,335.88,true
446,188,2026-03-02,152.62,false
241,26,2024-02-06,107.7,true
99,71,2026-06-12,260.08,true
395,62,2023-07-23,339.09,false
446,119,2023-11-15,159.96,true
9,40,2025-08-24,241.12,false
348,116,2024-08-30,324.39,true
24,86,2025-07-26,87.15,true
104,117,2024-12-18,299.33,true
449,100,2023-10-12,144.53,false
93,100,2024-07-14,347.98,false
361,109,2025-11-09,190.89,true
83,164,2025-12-09,113.1,true
452,44,2023-07-14,124.2,true
86,86,2023-08-21,306.35,false
80,144,2023-12-18,82.15,true
9,3,2025-08-29,155.86,true
486,46,2025-05-31,195.07,true
182,94,2024-05-24,140.24,false
62,174,2025-09-07,86.02,false
93,81,2023-10-02,44.32,false
441,195,2025-10-18,88.31,true
307,65,2024-04-24,141.77,true
281,131,2024-12-15,164.43,false
121,17,2026-01-18,219.19,true
100,95,2024-03-31,182.16,true
496,115,2025-12-03,162.95,true
291,187,2026-06-20,104.73,false
166,86,2025-07-02,290.45,false
233,90,2026-05-08,319.0,false
6,116,2025-06-18,232.72,true
229,1,2023-07-30,133.62,false
470,74,2025-03-13,204.54,true
438,34,2024-08-27,279.92,false
321,95,2024-03-26,144.41,false
431,196,2024-03-10,125.24,true
420,138,2023-12-24,284.95,true
101,118,2023-09-10,319.54,false
40,195,2025-05-24,69.6,true
427,109,2025-08-21,69.15,true
471,8,2025-06-24,217.6,false
368,42,2023-07-06,306.71,false
156,172,2023-10-01,139.82,true
404,147,2024-02-15,61.74,false
282,105,2024-10-05,329.51,true
61,137,2023-08-26,81.59,true
120,36,2026-04-22,206.89,false
437,50,2024-08-08,203.88,false
124,118,2024-10-13,288.4,false
334,114,2026-04-26,55.27,false
187,20,2025-11-23,202.47,true
383,138,2024-04-29,161.78,false
455,106,2023-08-02,173.47,false
163,71,2024-04-26,275.23,false
440,41,2023-10-30,70.31,true
380,189,2023-11-20,182.57,true
448,141,2023-12-15,166.78,false
369,140,2023-07-21,216.27,false
230,146,2025-07-30,346.93,false
244,69,2025-06-29,194.85,false
299,76,2024-04-06,329.75,true
32,165,2024-09-19,256.23,false
383,63,2025-03-11,218.44,false
73,63,2024-09-09,324.5,true
451,38,2025-10-12,38.34,false
65,108,2025-02-16,265.02,true
383,79,2025-08-21,228.3,false
290,175,2024-02-10,170.78,true
330,192,2025-08-16,261.09,true
391,130,2026-03-12,89.08,false
214,107,2025-09-11,305.07,false
483,152,2026-03-18,206.16,false
162,91,2023-10-25,316.46,true
146,15,2025-12-13,258.68,false
73,71,2025-02-17,345.95,false
143,173,2023-07-04,206.17,true
242,75,2026-04-30,247.44,false
318,161,2026-02-15,245.59,true
281,142,2025-08-27,132.96,false
275,151,2024-02-06,136.09,true
119,180,2024-12-30,58.16,false
301,117,2025-12-31,132.04,false
401,49,2026-03-07,45.39,false
56,69,2024-03-18,334.83,false
364,141,2025-04-11,33.13,false
124,189,2025-10-08,174.83,false
181,122,2025-06-11,164.5,false
477,199,2025-12-30,78.55,true
405,194,2023-10-03,307.53,false
330,39,2025-11-14,240.81,false
148,71,2024-07-04,63.55,true
245,73,2025-01-22,346.44,true
28,20,2024-02-10,227.92,false
32,57,2025-08-11,268.29,true
118,81,2025-08-01,254.61,true
421,69,2025-07-08,340.91,false
103,136,2025-05-03,208.41,false
85,2,2023-07-29,158.29,false
70,15,2024-08-29,194.62,false
401,111,2023-08-02,227.82,false
114,124,2025-07-17,143.15,false
322,120,2024-07-15,204.6,false
123,142,2025-01-28,25.93,false
350,134,2025-01-29,171.09,false
409,34,2024-12-15,283.37,false
24,71,2026-01-01,248.33,true
427,38,2025-09-21,157.88,true
176,14,2025-07-18,218.13,true
248,45,2023-08-11,134.38,true
87,51,2024-09-27,62.36,true
422,192,2025-01-17,132.73,true
247,63,2026-04-03,236.45,false
452,137,2024-10-19,168.87,true
226,155,2024-09-02,230.41,false
37,137,2024-08-23,231.32,true
125,118,2024-02-09,119.86,true
73,31,2025-02-03,30.63,false
461,13,2025-01-07,221.95,false
331,84,2023-09-22,221.53,false
160,54,2024-12-28,28.68,false
31,31,2023-10-15,174.59,true
343,90,2024-10-08,109.66,true
145,101,2026-02-28,328.28,true
43,147,2025-08-16,295.08,true
196,85,2024-03-17,163.44,true
219,196,2024-01-04,329.34,false
178,55,2026-02-17,31.66,true
127,120,2025-08-06,183.35,true
209,139,2025-11-08,184.92,true
472,181,2023-09-29,34.18,true
280,20,2025-08-01,111.1,true
455,166,2026-04-25,229.52,true
208,105,2026-03-10,140.44,false
198,179,2025-09-19,301.4,false
218,165,2024-07-20,323.22,false
290,79,2025-04-03,59.23,false
263,186,2025-12-05,106.16,true
248,139,2026-01-07,175.63,true
416,195,2024-04-01,245.25,false
35,62,2026-01-24,330.51,true
374,26,2024-09-20,291.82,true
422,102,2026-05-05,171.49,true
471,86,2025-05-25,281.83,false
89,163,2025-08-11,156.51,true
429,38,2026-01-17,297.58,false
248,155,2024-07-23,40.64,true
419,3,2024-07-02,349.5,true
208,47,2025-01-14,143.82,false
27,15,2025-01-02,304.11,false
128,34,2024-04-15,229.8,true
445,80,2024-11-24,186.95,false
265,199,2026-03-27,247.91,false
487,78,2026-05-30,56.6,false
30,100,2025-04-13,186.9,false
120,42,2024-09-22,273.0,false
282,120,2023-11-25,127.52,false
179,2,2025-10-17,240.27,false
167,20,2023-10-26,339.92,false
47,190,2026-01-30,295.72,true
209,59,2026-03-24,218.0,true
399,1,2026-03-17,306.09,true
388,105,2025-09-14,292.63,true
197,195,2023-10-18,57.97,false
483,79,2023-10-15,240.85,true
232,41,2026-01-02,83.26,false
379,56,2023-07-19,330.72,true
293,118,2025-08-01,325.73,false
470,74,2025-05-05,177.97,false
20,111,2024-08-24,183.52,true
304,12,2024-04-03,157.74,true
171,199,2025-06-09,239.99,true
414,158,2023-11-04,85.76,false
81,199,2023-10-24,81.76,true
486,79,2025-01-22,278.87,false
156,10,2024-05-29,100.82,false
22,61,2024-11-12,195.51,true
157,200,2026-03-14,229.36,true
196,51,2024-08-01,126.58,true
209,83,2024-10-16,59.75,false
397,71,2023-10-23,346.07,false
225,54,2023-12-29,296.42,false
441,20,2025-04-15,133.94,true
39,110,2024-08-12,177.47,false
59,82,2025-08-18,233.65,true
92,148,2025-06-29,198.62,true
384,95,2025-07-16,75.25,false
481,91,2024-02-22,296.59,false
4,83,2026-03-19,349.09,true
243,20,2025-06-13,230.11,false
170,138,2025-11-15,222.42,true
174,139,2025-04-29,168.88,true
438,138,2025-07-04,115.95,true
137,198,2025-08-12,321.76,false
68,196,2024-03-14,255.75,true
283,153,2024-02-08,153.92,true
217,148,2023-08-04,341.35,true
415,39,2024-07-17,60.99,true
339,29,2024-10-15,233.73,false
190,58,2026-02-10,243.16,false
347,46,2025-03-04,265.96,true
426,63,2024-01-05,152.95,true
219,118,2025-12-22,98.9,true
390,69,2026-01-03,141.6,false
154,66,2025-11-30,197.19,true
317,135,2026-03-17,241.51,true
390,64,2024-07-23,323.93,false
139,71,2026-04-12,273.94,true
253,57,2025-03-23,169.29,false
261,83,2025-04-08,303.54,false
460,144,2025-03-12,312.5,true
424,120,2024-04-20,80.2,false
323,6,2025-02-16,146.08,true
211,174,2026-05-06,288.78,true
318,181,2024-10-17,132.17,true
389,41,2023-08-18,190.98,true
77,111,2024-10-07,63.34,true
232,53,2025-09-29,119.55,true
188,66,2024-10-20,79.41,true
307,76,2026-05-21,190.05,false
108,194,2024-12-17,121.4,false
339,86,2023-06-30,107.26,false
83,118,2026-06-21,314.88,true
184,100,2026-02-23,205.28,true
60,115,2023-11-27,155.49,true
286,180,2024-08-08,119.74,false
105,36,2026-02-11,81.14,false
81,132,2024-11-25,122.78,false
39,148,2023-12-14,69.54,false
405,37,2024-10-06,132.21,true
250,176,2023-07-08,96.28,false
153,95,2025-09-15,25.05,false
78,26,2025-12-25,249.76,true
359,66,2024-11-29,322.66,false
326,97,2023-09-19,220.6,true
203,85,2023-10-24,328.68,true
496,183,2025-11-28,41.43,false
24,42,2026-02-01,279.68,true
183,168,2024-03-05,270.31,true
347,50,2024-12-13,342.69,true
201,116,2023-09-13,30.39,true
193,44,2024-12-10,69.46,true
419,14,2024-04-07,268.68,false
174,129,2023-10-12,247.22,true
333,119,2023-08-10,28.19,true
175,47,2026-01-29,250.76,false
238,155,2026-05-27,195.9,false
206,15,2023-11-14,186.17,true
86,21,2026-03-21,50.35,false
236,72,2026-03-20,178.52,false
348,194,2026-04-08,120.65,true
263,175,2024-07-28,242.15,false
164,80,2025-11-03,170.69,false
381,67,2026-06-20,222.84,true
224,198,2025-02-15,324.98,true
72,43,2026-02-20,140.65,false
86,168,2024-04-22,64.48,false
328,50,2026-04-04,248.02,true
182,73,2024-12-29,98.01,true
5,112,2026-02-18,147.66,false
227,151,2025-03-23,31.23,true
418,72,2025-04-15,185.54,true
380,79,2023-09-29,325.77,true
287,147,2025-08-02,205.67,false
202,102,2024-07-23,193.91,true
205,81,2025-04-12,153.14,false
304,51,2024-02-05,257.5,true
92,185,2023-07-06,104.62,true
352,136,2024-04-11,106.84,true
82,175,2024-07-06,91.33,true
462,27,2026-02-23,265.87,true
270,19,2025-08-02,347.49,true
162,153,2024-02-01,316.6,false
466,17,2024-02-03,294.55,false
484,143,2024-01-23,219.5,false
383,58,2023-10-24,321.4,true
383,80,2023-07-06,85.24,true
284,80,2026-03-19,97.15,true
239,193,2026-03-11,70.85,true
364,188,2024-07-11,78.99,false
52,69,2025-06-27,261.12,true
93,99,2024-02-02,65.67,false
345,88,2024-12-02,305.61,false
73,63,2025-07-20,126.3,false
268,151,2023-08-25,281.03,true
10,117,2024-06-21,94.03,true
54,57,2023-10-10,33.26,true
354,63,2026-01-24,340.22,false
209,116,2023-07-02,268.02,true
75,128,2025-09-29,73.68,true
24,46,2024-11-18,252.0,false
54,118,2025-06-09,334.58,true
497,179,2025-12-05,199.47,false
302,131,2024-02-01,33.92,true
486,109,2023-12-26,268.47,false
366,107,2023-07-01,249.45,true
376,164,2023-10-06,278.76,true
452,173,2024-11-10,249.43,true
25,59,2025-11-13,90.3,false
247,82,2024-05-04,328.42,false
181,151,2023-10-09,206.87,false
308,118,2025-10-30,151.93,false
477,114,2024-11-15,291.32,false
273,31,2024-08-11,61.33,false
379,52,2023-12-21,184.95,false
289,1,2025-03-04,222.02,true
17,185,2024-12-23,231.44,true
488,120,2025-04-23,119.82,false
240,17,2025-04-30,307.6,true
262,141,2024-08-30,306.36,true
21,83,2023-06-22,181.55,true
150,85,2024-01-05,166.15,false
461,135,2023-10-25,102.07,true
146,100,2024-02-03,54.28,true
298,57,2024-04-03,341.32,false
278,42,2026-06-01,107.33,true
1,63,2025-04-13,54.36,false
151,108,2024-08-13,166.07,true
407,194,2026-05-29,122.22,false
468,77,2026-02-13,134.14,false
436,131,2025-07-22,176.32,true
97,119,2025-02-26,45.65,true
425,47,2024-05-01,190.05,false
157,65,2025-12-19,126.11,false
56,40,2026-02-02,258.42,false
30,157,2023-12-09,97.57,false
170,168,2025-03-19,113.77,true
376,121,2024-06-20,203.82,true
386,129,2024-05-24,126.95,false
486,103,2026-03-18,206.2,false
160,35,2025-01-29,175.53,false
230,105,2024-07-16,79.0,true
295,128,2024-12-18,255.45,false
151,178,2023-08-28,202.47,false
342,6,2024-06-29,217.3,true
254,148,2025-05-24,77.68,false
129,64,2023-12-15,220.03,true
9,142,2024-06-15,207.78,true
57,65,2026-03-09,70.76,false
392,116,2023-07-19,94.8,true
356,67,2023-07-06,139.27,false
353,95,2026-03-14,196.8,false
53,117,2025-10-01,273.1,true
1,147,2024-02-20,162.74,true
282,120,2025-12-18,316.25,true
335,24,2025-04-09,215.72,true
462,48,2024-09-26,231.77,false
258,151,2024-01-10,140.81,false
80,165,2026-04-16,136.7,false
359,147,2026-04-13,315.18,false
227,120,2025-09-07,264.7,true
443,125,2025-05-19,283.56,true
52,15,2026-03-13,267.6,false
404,63,2024-03-14,93.0,true
80,42,2025-08-18,243.22,true
239,56,2026-03-14,49.7,true
203,69,2026-04-10,201.34,false
165,155,2024-10-19,197.95,false
44,195,2023-09-18,113.57,false
191,11,2025-09-13,193.3,false
89,102,2024-09-16,149.5,true
343,168,2023-07-29,190.02,false
18,170,2025-05-30,336.67,false
253,56,2024-10-05,241.85,false
101,133,2024-07-11,121.79,true
371,9,2024-11-13,67.26,true
214,44,2025-06-04,154.35,true
265,86,2024-01-13,43.0,true
426,58,2024-07-10,233.08,false
480,14,2024-08-08,163.9,true
80,40,2025-09-21,84.02,true
181,39,2024-06-16,33.14,false
128,116,2025-07-16,119.62,false
260,141,2024-05-11,257.04,false
26,138,2025-11-05,259.64,true
65,66,2025-03-31,348.16,false
230,68,2025-09-13,159.39,true
136,134,2025-09-05,287.55,false
193,7,2025-09-09,165.83,true
75,182,2026-01-30,234.42,true
485,52,2026-02-25,71.73,false
217,71,2025-09-08,209.4,false
96,133,2023-11-26,41.65,true
166,169,2023-10-23,68.74,false
190,149,2024-08-12,51.22,true
138,183,2024-10-09,323.72,false
320,133,2023-08-29,295.47,true
462,109,2026-05-15,194.49,false
29,132,2025-04-19,99.14,false
485,9,2026-05-07,114.1,true
160,55,2024-10-17,58.42,true
119,14,2025-11-21,135.88,false
140,172,2024-08-09,87.23,false
329,56,2025-08-07,193.74,true
417,190,2024-12-28,259.11,true
416,3,2024-06-08,129.92,true
273,178,2025-09-06,275.99,true
434,4,2026-04-30,287.87,true
482,40,2023-07-11,226.2,true
76,180,2024-12-12,167.18,false
424,14,2024-01-21,196.78,false
278,138,2024-06-06,272.03,true
135,88,2025-08-17,142.1,true
362,16,2025-05-19,164.44,true
105,71,2025-09-15,187.68,false
159,136,2025-03-09,31.82,true
404,147,2024-09-10,221.97,true
320,108,2025-04-03,153.53,false
71,78,2025-01-17,196.73,false
436,66,2024-12-13,339.16,true
240,3,2025-11-01,86.16,true
475,120,2025-06-17,344.97,false
268,149,2023-08-23,193.57,false
99,51,2024-07-02,180.06,false
50,146,2026-04-13,178.32,false
282,74,2023-07-05,165.52,false
6,69,2025-11-26,326.85,false
67,118,2026-01-02,111.54,false
72,34,2024-10-19,44.26,true
442,31,2026-04-13,67.72,false
323,66,2023-07-20,313.32,false
283,139,2025-07-18,134.38,true
62,65,2025-09-13,79.02,false
123,6,2023-09-27,65.34,false
6,179,2024-02-14,196.54,true
230,64,2023-11-20,345.37,true
170,114,2025-06-12,123.03,true
255,41,2024-03-03,217.64,false
158,179,2024-06-24,274.84,false
253,173,2026-04-22,263.06,true
190,195,2025-01-15,111.07,true
372,178,2025-04-23,331.2,true
401,165,2025-02-08,335.37,true
425,69,2024-08-18,331.51,false
164,117,2026-03-13,74.5,false
2,173,2024-04-21,78.01,true
297,171,2024-06-18,161.81,false
138,9,2025-07-12,278.36,false
166,176,2024-11-28,254.81,false
88,99,2024-10-20,305.58,true
217,77,2024-06-08,261.12,false
100,42,2024-08-12,95.34,false
52,93,2026-03-28,139.15,true
399,105,2025-07-18,40.94,true
125,26,2025-09-15,262.74,false
482,187,2025-04-24,215.46,true
82,1,2023-11-26,327.06,false
416,77,2026-03-22,264.78,true
318,144,2024-11-09,76.22,false
87,51,2024-05-15,175.4,false
103,51,2024-04-16,330.28,false
169,60,2025-04-01,63.57,true
264,26,2024-09-30,174.99,false
231,179,2023-10-08,305.58,true
375,196,2026-06-14,295.31,false
361,114,2023-10-15,300.63,false
129,179,2024-11-07,198.51,false
265,175,2023-11-22,98.87,true
354,130,2024-10-21,102.11,false
391,131,2025-02-12,149.29,true
421,85,2023-12-08,52.55,true
93,79,2024-07-07,162.78,false
434,11,2024-04-02,41.23,true
489,112,2025-07-16,312.59,true
440,188,2023-11-10,77.76,true
64,69,2025-10-14,130.6,false
184,71,2025-07-14,207.07,true
216,116,2024-01-26,68.51,false
269,81,2026-03-14,145.44,false
29,173,2023-07-12,257.42,true
183,155,2024-09-09,205.52,false
262,118,2024-04-18,67.06,true
470,110,2023-07-10,72.95,false
318,3,2023-11-12,39.46,false
239,188,2025-06-26,249.92,false
479,190,2026-01-22,224.08,false
29,139,2024-12-07,296.75,false
293,48,2024-01-20,272.89,true
285,165,2023-11-05,301.57,false
428,12,2025-07-30,67.08,false
353,14,2023-08-27,84.57,true
411,50,2026-05-13,40.2,true
88,20,2024-12-29,38.21,true
190,30,2025-06-23,210.76,false
365,170,2023-08-05,40.02,false
333,59,2025-03-06,156.68,true
119,110,2025-03-17,33.26,false
83,129,2025-08-20,164.76,true
273,116,2023-08-13,339.67,false
251,94,2024-11-22,270.44,false
463,67,2023-11-30,111.88,false
451,141,2023-12-02,46.74,true
419,80,2024-07-11,339.89,true
109,149,2025-06-17,271.72,true
132,52,2023-06-24,83.17,false
73,51,2024-06-06,136.46,false
243,183,2025-11-22,46.82,false
255,147,2026-05-22,287.12,true
55,6,2025-08-04,41.26,true
226,104,2025-12-31,262.68,true
356,77,2026-02-18,209.21,false
113,146,2023-07-29,162.98,false
153,44,2024-12-26,38.39,false
197,76,2023-07-26,283.21,true
368,141,2026-02-11,273.17,false
376,151,2024-03-13,35.26,false
307,179,2025-11-24,208.54,false
148,135,2025-07-29,76.36,true
90,10,2024-07-11,273.22,false
487,199,2025-04-15,338.93,true
198,85,2026-03-01,316.0,true
24,182,2026-04-22,283.2,false
46,85,2024-02-29,170.12,false
286,15,2024-06-13,272.64,false
154,149,2025-05-20,343.73,true
191,94,2026-01-16,33.45,false
198,189,2026-06-07,344.6,true
433,82,2025-02-25,227.52,true
476,199,2025-12-16,110.28,false
347,134,2024-05-06,303.31,true
18,25,2026-05-18,292.5,false
168,195,2024-07-06,137.2,true
182,31,2023-08-13,241.37,true
24,112,2023-09-19,100.58,true
347,39,2023-07-08,84.21,true
273,64,2024-03-16,28.07,false
283,40,2024-01-17,141.73,true
155,105,2024-12-29,212.54,false
486,138,2023-08-11,36.46,false
314,106,2026-03-29,313.37,true
232,93,2024-01-16,125.09,false
48,117,2026-01-28,43.65,false
456,158,2025-02-28,297.68,true
201,93,2025-08-28,334.75,false
238,44,2023-09-01,342.89,true
43,100,2026-01-14,78.11,false
463,55,2026-05-21,107.6,true
94,115,2025-06-04,303.32,false
263,91,2024-02-11,64.92,true
169,132,2023-12-13,195.69,false
413,34,2025-08-28,77.46,false
17,171,2023-10-05,279.81,false
354,83,2025-11-22,167.27,false
197,137,2024-01-05,282.82,true
237,79,2026-05-18,184.04,false
127,61,2026-03-31,31.45,true
119,117,2026-06-10,177.65,false
30,145,2024-10-02,95.97,false
336,43,2026-04-24,262.89,true
143,189,2025-11-11,307.68,false
466,101,2026-03-02,188.23,true
370,138,2023-12-20,178.22,false
72,146,2024-03-27,113.51,true
434,2,2025-11-19,198.62,true
263,165,2026-03-25,332.92,true
5,102,2024-03-10,344.74,false
231,83,2026-01-06,340.96,true
361,103,2024-02-07,191.41,false
74,123,2023-12-21,247.29,true
43,134,2026-02-13,211.7,false
196,194,2025-05-24,333.37,true
65,159,2023-12-12,270.86,true
464,197,2024-11-23,225.17,false
65,33,2023-10-17,110.95,false
422,25,2024-11-28,302.01,false
425,112,2023-08-18,246.1,true
483,33,2024-06-28,27.02,false
4,105,2023-11-23,51.53,false
267,123,2024-08-16,87.6,false
76,168,2024-10-09,99.78,false
454,57,2023-06-22,150.78,true
140,33,2026-04-30,59.29,false
166,123,2024-12-02,100.82,true
310,94,2023-12-13,131.05,false
324,57,2024-10-20,44.57,false
118,105,2024-12-02,159.34,true
309,166,2025-09-18,268.82,true
363,25,2025-06-19,157.71,false
440,107,2026-04-08,126.29,true
59,91,2026-04-24,324.12,true
247,163,2024-08-17,236.32,true
332,95,2026-04-01,194.42,false
386,146,2025-11-05,130.7,false
205,52,2023-09-17,311.41,false
261,60,2024-01-29,306.57,false
45,132,2025-02-13,338.69,false
294,86,2024-04-25,86.56,true
63,82,2025-03-29,212.93,false
415,133,2024-05-13,85.21,false
1,120,2025-03-06,270.42,true
233,88,2023-11-22,227.7,false
229,159,2024-02-15,266.28,true
412,143,2025-08-13,222.01,true
9,174,2023-10-01,29.79,false
276,65,2024-02-18,74.38,true
464,69,2023-12-12,249.81,true
328,153,2024-05-21,177.11,true
74,104,2023-09-27,320.16,true
466,12,2024-11-07,307.66,false
12,102,2024-02-01,340.24,true
224,19,2024-07-01,103.88,true
127,34,2024-03-02,259.2,true
444,4,2024-08-01,200.74,true
120,196,2023-10-20,155.61,false
74,53,2026-05-06,86.15,false
466,115,2024-11-23,290.81,false
480,172,2025-05-26,231.29,false
232,89,2025-03-14,128.45,true
398,3,2025-03-21,333.76,true
143,56,2023-12-11,303.16,true
239,195,2025-02-24,180.07,true
398,194,2025-01-14,272.65,true
6,116,2024-09-07,324.82,true
68,2,2026-01-06,58.57,false
90,71,2024-12-03,236.11,false
220,94,2024-06-23,170.86,true
208,148,2025-03-21,335.17,false
229,105,2025-06-26,90.73,false
374,195,2023-11-21,49.45,true
23,50,2025-02-09,182.85,false
390,119,2024-10-24,49.31,false
323,6,2023-10-03,82.58,false
386,188,2024-09-23,251.41,true
18,105,2023-07-11,333.9,true
364,42,2024-03-02,191.56,false
460,79,2026-05-16,301.76,true
14,93,2023-10-18,338.61,false
359,158,2024-02-08,241.63,true
430,117,2024-11-25,82.79,true
182,144,2023-12-12,204.09,false
129,107,2023-06-23,115.36,true
207,161,2025-04-11,53.96,true
325,87,2024-01-18,160.63,true
209,146,2025-02-24,127.77,false
100,40,2023-10-27,223.18,false
97,22,2025-01-11,307.62,false
273,119,2024-02-11,234.41,false
32,144,2026-05-19,198.41,true
344,145,2024-06-06,218.97,false
407,97,2024-01-12,151.73,true
317,193,2025-10-21,98.78,true
34,147,2026-03-31,58.75,true
155,109,2026-05-02,82.12,false
176,53,2026-03-29,165.17,true
498,105,2024-05-18,345.36,true
88,112,2023-07-17,100.62,true
329,148,2024-08-08,237.25,false
80,133,2025-12-16,79.38,true
238,1,2025-09-05,333.85,false
377,149,2026-05-23,90.76,false
404,14,2025-09-28,213.07,true
500,3,2023-10-13,94.97,false
249,55,2025-07-14,234.05,false
53,188,2025-09-04,121.08,true
172,86,2023-09-16,349.35,false
121,67,2025-11-29,74.03,true
133,44,2023-06-27,339.15,true
30,129,2026-05-01,123.35,false
381,155,2026-02-23,57.08,false
407,107,2023-08-23,327.33,false
340,84,2025-08-06,54.24,true
21,105,2024-12-30,130.32,true
74,179,2026-01-07,121.55,false
458,20,2025-02-13,149.63,false
427,96,2024-10-02,172.17,true
500,148,2025-08-18,49.18,true
277,8,2025-01-28,298.34,true
298,105,2026-05-05,209.67,true
189,189,2025-07-18,45.45,false
488,125,2025-05-20,287.5,false
337,145,2023-12-03,267.32,true
184,114,2025-01-30,295.6,false
323,146,2024-01-28,75.01,false
153,118,2024-08-12,276.05,false
189,123,2025-06-12,132.34,false
439,167,2023-09-18,51.24,false
256,188,2025-12-08,176.57,true
323,112,2023-12-02,349.68,true
402,1,2024-04-22,229.25,false
487,56,2023-07-18,299.33,false
261,54,2025-01-06,301.08,true
244,41,2025-07-27,105.97,false
206,61,2024-10-25,144.41,false
219,53,2025-04-04,156.55,true
184,42,2024-03-23,217.37,true
257,195,2023-08-02,139.83,true
322,36,2025-11-13,293.84,true
123,142,2024-01-06,114.18,false
352,106,2024-01-15,105.43,false
373,39,2023-11-09,329.21,true
3,53,2024-03-05,284.61,false
39,131,2023-10-22,91.09,false
153,133,2025-09-10,72.95,true
309,35,2026-02-15,299.65,true
198,173,2023-08-23,217.58,false
5,165,2026-02-19,94.15,true
6,154,2025-12-13,222.36,false
196,174,2025-11-29,85.16,true
202,105,2026-04-06,199.25,true
354,151,2026-02-21,229.96,true
240,35,2024-12-18,313.72,true
259,86,2025-08-10,346.42,false
488,174,2024-01-10,28.88,true
240,63,2024-07-11,337.49,true
63,166,2025-12-16,172.32,false
23,15,2024-08-06,291.77,true
96,15,2025-08-03,218.67,false
90,146,2025-04-25,76.55,false
257,58,2025-06-07,337.81,false
181,142,2025-01-13,200.38,true
145,63,2026-01-08,192.2,true
463,83,2026-05-28,221.15,false
25,39,2023-11-20,55.05,false
224,191,2024-03-12,33.82,false
22,114,2024-11-12,98.06,true
4,192,2025-10-31,106.66,false
294,81,2025-08-25,42.5,true
373,116,2025-04-17,105.48,false
121,17,2024-10-18,285.26,false
121,75,2026-01-22,59.28,false
277,102,2025-08-24,133.41,false
92,182,2025-04-21,216.79,false
37,186,2025-01-28,245.97,true
60,115,2023-12-26,159.14,false
381,142,2025-11-08,85.95,true
410,175,2025-10-12,205.81,false
55,13,2024-12-16,132.7,false
170,61,2025-10-12,250.37,true
154,17,2024-04-03,144.78,true
225,54,2024-10-30,92.94,false
205,56,2024-09-25,78.71,false
137,69,2025-06-01,50.99,false
344,15,2025-09-05,57.01,false
31,161,2026-01-11,345.27,true
310,20,2026-03-08,130.45,false
76,180,2025-08-01,196.63,false
353,145,2026-03-05,42.79,false
379,81,2025-04-18,52.69,false
48,182,2025-06-21,326.06,false
236,142,2025-08-21,223.17,false
357,52,2024-07-23,102.42,true
86,81,2025-03-04,294.64,false
165,43,2024-08-18,128.89,true
255,170,2025-11-13,215.21,false
436,196,2024-08-15,307.44,false
350,29,2024-11-26,80.45,true
164,138,2025-06-08,94.95,false
323,146,2023-12-12,287.17,false
43,34,2025-03-31,249.6,true
198,196,2024-12-17,237.63,true
167,82,2024-05-30,295.76,true
326,60,2023-07-01,197.11,false
428,11,2023-10-15,262.45,true
276,72,2023-10-05,69.99,true
197,57,2024-03-05,92.72,false
140,198,2024-01-16,317.85,true
444,117,2026-01-11,310.86,false
492,107,2026-03-03,288.99,false
140,80,2025-11-03,108.58,false
109,1,2025-10-06,215.51,false
237,72,2024-01-10,288.66,false
324,9,2026-02-16,311.5,false
350,128,2024-08-23,61.13,false
337,80,2026-03-26,60.38,true
145,63,2025-12-26,116.06,false
438,91,2025-12-15,86.42,true
131,118,2025-01-08,202.27,false
450,64,2024-07-19,62.93,true
33,187,2024-10-06,218.37,false
141,171,2024-12-02,83.65,true
61,173,2024-01-23,90.06,true
296,112,2024-07-28,80.29,false
219,27,2025-08-06,38.81,true
314,10,2023-10-31,101.9,false
55,94,2025-04-29,98.18,false
403,42,2026-04-27,172.1,true
364,121,2025-09-03,340.6,true
103,58,2023-10-07,333.65,false
28,188,2025-06-23,254.66,false
116,180,2025-02-18,165.37,false
244,190,2024-04-22,301.75,true
71,121,2023-10-20,313.37,true
151,78,2025-11-26,177.8,false
301,196,2024-05-28,42.28,false
481,66,2025-04-11,208.22,false
123,189,2025-12-11,65.03,false
154,17,2026-02-20,266.47,false
420,187,2026-01-21,146.38,true
166,194,2024-05-14,203.96,true
160,45,2023-10-16,91.82,false
387,89,2024-08-25,234.79,false
106,17,2026-03-29,248.92,true
32,174,2023-07-05,221.06,true
186,11,2026-01-08,273.98,false
194,17,2025-11-14,138.1,true
186,22,2025-12-23,181.62,false
331,134,2025-11-15,136.73,false
291,144,2026-01-11,290.07,false
12,159,2024-03-11,30.89,false
370,39,2025-12-28,59.77,true
161,62,2025-02-08,263.64,true
396,159,2026-06-14,171.36,true
237,103,2023-12-08,111.53,true
286,63,2023-09-19,186.34,true
122,120,2024-06-12,168.68,false
71,98,2023-07-23,150.35,true
439,136,2025-05-30,323.8,true
256,85,2025-10-19,175.77,false
117,155,2025-08-16,166.98,true
217,163,2024-10-14,316.08,true
408,112,2024-02-14,85.6,true
395,87,2025-07-03,341.97,true
418,188,2025-01-12,348.19,true
344,54,2024-07-04,162.29,false
484,163,2025-02-19,84.61,true
438,190,2024-07-18,320.25,false
158,105,2025-01-08,292.46,false
105,168,2024-09-20,299.72,false
498,49,2025-04-05,111.93,false
261,116,2024-10-16,141.71,true
173,6,2023-11-05,319.77,false
106,121,2024-07-08,292.44,false
317,51,2024-11-04,69.97,false
188,113,2026-06-16,151.96,true
252,124,2026-03-19,231.9,false
108,80,2024-08-21,267.16,true
316,51,2024-05-25,133.59,false
316,121,2023-10-20,165.4,false
333,1,2023-07-11,174.16,false
366,132,2025-07-01,246.42,true
482,72,2025-02-22,294.04,false
47,94,2023-09-08,157.98,false
138,181,2024-05-11,90.5,false
126,151,2024-08-04,229.64,false
48,122,2024-12-09,322.16,false
91,151,2026-03-07,199.57,false
103,66,2024-07-24,92.94,false
234,140,2025-01-15,138.05,false
485,2,2024-07-02,120.59,true
392,170,2024-03-01,245.68,true
341,168,2025-12-01,231.09,true
171,80,2026-01-01,33.88,false
98,81,2025-04-11,235.86,false
388,164,2025-06-15,137.86,false
142,105,2025-01-16,33.36,false
352,131,2026-02-28,243.37,false
301,87,2026-03-30,216.37,true
70,87,2026-03-16,148.96,true
60,78,2023-10-24,330.58,true
463,63,2024-10-18,88.47,false
375,14,2024-04-07,98.5,true
101,173,2024-11-17,269.69,false
132,100,2025-06-10,39.53,false
252,178,2023-11-02,95.02,true
246,67,2025-09-05,298.4,false
390,123,2025-07-27,180.01,false
120,94,2025-10-11,311.09,false
352,79,2023-10-04,137.05,true
389,40,2026-02-12,112.48,false
148,166,2023-08-26,349.98,false
53,94,2023-12-10,192.71,true
174,98,2025-08-06,274.3,false
16,42,2024-08-06,162.96,true
433,157,2024-08-14,96.01,false
143,137,2024-08-09,88.63,true
107,39,2025-01-15,67.83,false
486,34,2024-04-12,53.41,false
224,108,2024-07-29,192.11,false
293,174,2025-12-30,39.9,false
386,50,2024-05-21,92.65,false
474,160,2025-09-11,231.17,false
88,6,2025-09-10,344.12,true
195,151,2024-09-30,91.06,true
53,144,2024-12-18,198.06,true
450,31,2026-06-12,54.25,false
78,108,2025-11-28,115.33,true
190,61,2025-02-10,66.98,true
317,106,2024-12-24,113.49,true
468,73,2023-12-30,194.55,true
235,163,2024-07-17,46.19,true
198,163,2024-01-05,30.0,true
378,105,2024-06-21,233.2,true
28,93,2024-12-25,168.19,false
14,112,2026-01-19,198.88,false
385,147,2024-11-23,197.27,false
213,71,2025-08-22,296.64,true
484,37,2025-10-14,204.57,true
282,23,2025-04-27,172.64,false
195,70,2025-06-08,241.66,true
219,66,2024-08-21,235.01,false
463,121,2025-11-03,122.75,false
270,105,2026-02-27,227.65,false
345,25,2023-10-10,85.1,true
13,6,2023-12-08,119.85,false
277,144,2024-07-28,212.83,true
201,63,2026-06-18,302.53,false
92,165,2024-08-31,56.5,true
56,146,2025-09-22,193.81,true
141,134,2024-09-28,67.15,true
211,168,2024-11-03,224.58,true
399,157,2024-02-23,133.1,true
218,35,2024-01-26,30.04,true
326,81,2023-08-09,106.48,true
194,19,2023-07-26,252.9,true
119,117,2023-12-21,201.63,true
98,61,2025-08-14,346.66,false
106,94,2025-08-31,187.51,true
68,198,2024-01-05,144.3,true
36,112,2026-03-11,260.33,true
131,39,2024-05-12,207.5,true
89,52,2026-06-06,314.22,false
156,42,2025-04-16,203.17,false
293,39,2023-11-25,267.66,true
307,34,2025-09-03,290.25,false
293,191,2024-02-14,74.46,false
396,34,2024-05-11,243.8,true
156,175,2024-08-08,96.01,true
427,38,2026-05-19,277.34,true
24,138,2026-05-04,107.57,false
437,187,2025-12-23,147.6,true
133,196,2024-06-17,332.05,true
439,175,2023-07-17,333.33,true
153,44,2023-10-29,132.07,true
447,4,2024-03-28,259.55,false
259,69,2024-06-24,217.57,true
488,95,2024-02-24,195.47,true
414,160,2026-04-11,51.28,false
104,35,2023-07-14,227.29,false
43,5,2023-10-10,38.86,false
312,101,2025-01-07,330.82,false
165,180,2025-07-21,70.46,false
102,155,2023-10-08,126.46,false
223,82,2025-01-23,296.05,false
18,146,2025-08-03,260.97,false
192,182,2025-02-23,232.3,true
189,137,2023-09-10,150.53,true
385,29,2025-07-13,209.56,false
170,182,2025-01-09,95.71,false
41,181,2026-05-11,100.51,false
201,13,2026-05-20,192.65,true
124,95,2026-05-11,335.68,false
89,83,2025-08-02,179.05,false
417,119,2023-09-25,44.36,false
372,111,2025-04-26,328.72,true
378,162,2026-05-17,67.35,false
229,20,2024-12-14,225.5,true
93,46,2024-07-25,202.52,false
28,117,2026-04-12,209.17,true
498,20,2025-08-24,120.67,false
131,73,2026-02-05,185.72,true
347,182,2023-10-14,281.01,false
485,87,2025-12-17,144.84,true
64,17,2023-08-03,101.79,true
90,138,2025-12-26,257.37,false
88,3,2024-08-10,145.77,true
366,179,2023-08-28,79.91,true
426,145,2024-12-25,100.45,false
120,142,2025-03-13,167.38,false
126,14,2024-01-04,263.76,true
396,163,2025-04-24,349.81,true
285,78,2023-11-16,320.47,true
362,31,2024-01-22,122.0,true
416,41,2023-07-28,300.62,true
288,196,2025-05-22,137.57,false
294,80,2026-03-04,43.68,false
129,3,2025-04-21,105.62,true
39,193,2024-06-21,82.54,true
202,31,2025-07-02,31.1,false
92,23,2023-08-04,86.32,false
28,11,2023-08-05,329.24,false
47,78,2024-07-12,96.36,false
342,34,2024-03-11,134.23,true
60,93,2026-05-21,124.79,true
267,86,2025-07-08,322.36,false
360,170,2025-02-25,154.51,true
284,70,2025-09-15,347.86,false
434,94,2024-09-07,105.7,false
44,14,2026-01-26,170.05,false
229,199,2024-02-29,190.79,false
239,62,2026-06-13,336.27,true
404,65,2025-02-09,150.53,false
308,104,2025-12-19,268.95,true
437,173,2025-05-29,114.77,true
97,168,2024-07-03,271.16,true
135,175,2025-10-04,334.62,false
344,186,2024-09-17,128.47,false
71,20,2024-07-30,174.45,false
448,143,2023-09-03,94.44,false
351,188,2023-10-23,329.68,false
104,187,2023-08-25,317.45,false
451,39,2025-07-06,154.42,true
125,48,2026-04-12,264.58,true
113,114,2024-04-16,172.7,true
144,194,2024-12-24,237.47,false
299,70,2025-02-25,190.86,true
44,144,2024-05-13,182.83,true
442,31,2023-07-01,117.08,false
34,192,2024-02-07,196.95,false
377,146,2023-11-27,165.76,true
257,123,2025-07-11,204.67,true
351,101,2023-07-10,240.0,true
351,143,2025-07-14,274.27,false
153,119,2026-02-04,275.57,true
170,168,2023-10-06,305.67,true
456,71,2024-05-09,270.33,true
14,69,2024-11-03,151.72,true
409,138,2024-05-25,195.37,true
186,107,2023-12-06,253.97,true
127,136,2024-01-08,304.86,false
492,75,2025-11-09,149.05,false
37,49,2026-02-22,108.57,true
269,164,2024-12-12,251.79,false
405,197,2024-05-17,286.89,false
428,86,2024-11-14,254.75,false
246,175,2023-06-23,129.57,true
193,165,2025-03-19,102.12,false
369,29,2026-05-15,337.2,true
499,9,2023-11-10,345.52,true
350,36,2026-01-22,100.04,true
57,58,2025-12-29,108.33,false
99,188,2023-07-12,286.26,false
424,89,2023-08-22,173.79,true
365,170,2024-06-11,56.8,false
470,187,2023-11-18,111.36,false
470,81,2025-04-09,78.37,true
464,141,2024-06-25,140.21,false
329,194,2023-06-27,264.06,true
129,171,2024-10-05,328.88,false
487,4,2025-09-30,67.39,true
121,39,2024-08-18,203.94,false
35,140,2026-05-06,154.5,true
87,72,2026-05-01,29.98,true
384,29,2026-03-06,179.89,true
150,149,2025-09-06,278.75,false
385,40,2024-04-21,221.46,false
323,6,2025-12-10,200.61,true
333,142,2025-09-21,92.24,true
468,75,2024-11-06,106.37,true
84,188,2025-02-02,148.72,false
430,93,2026-04-21,91.96,true
191,94,2025-10-21,224.66,true
91,151,2026-02-05,139.08,false
336,49,2025-06-26,103.63,false
338,76,2026-02-26,293.17,false
106,22,2026-06-18,143.06,false
364,122,2026-06-16,70.28,true
284,182,2024-08-29,160.66,true
